timeStamp,elapsed,label,responseCode,responseMessage,threadName,dataType,success,failureMessage,bytes,sentBytes,grpThreads,allThreads,URL,Latency,IdleTime,Connect
1591375298486,76188,localhost Memory,,,,,true,,0,0,0,0,null,0,0,0
1591375298488,6300,localhost CPU,,,,,true,,0,0,0,0,null,0,0,0
1591375298488,1000,localhost Disks I/O,,,,,true,,0,0,0,0,null,0,0,0
1591375299491,76191,localhost Memory,,,,,true,,0,0,0,0,null,0,0,0
1591375299491,13194,localhost CPU,,,,,true,,0,0,0,0,null,0,0,0
1591375299491,1000,localhost Disks I/O,,,,,true,,0,0,0,0,null,0,0,0
1591375300491,76196,localhost Memory,,,,,true,,0,0,0,0,null,0,0,0
1591375300492,46529,localhost CPU,,,,,true,,0,0,0,0,null,0,0,0
1591375300492,0,localhost Disks I/O,,,,,true,,0,0,0,0,null,0,0,0
1591375301492,76414,localhost Memory,,,,,true,,0,0,0,0,null,0,0,0
1591375301492,34228,localhost CPU,,,,,true,,0,0,0,0,null,0,0,0
1591375301492,1000,localhost Disks I/O,,,,,true,,0,0,0,0,null,0,0,0
1591375302493,76391,localhost Memory,,,,,true,,0,0,0,0,null,0,0,0
1591375302493,35667,localhost CPU,,,,,true,,0,0,0,0,null,0,0,0
1591375302494,3000,localhost Disks I/O,,,,,true,,0,0,0,0,null,0,0,0
1591375303494,76657,localhost Memory,,,,,true,,0,0,0,0,null,0,0,0
1591375303494,17975,localhost CPU,,,,,true,,0,0,0,0,null,0,0,0
1591375303494,1000,localhost Disks I/O,,,,,true,,0,0,0,0,null,0,0,0
1591375304494,76874,localhost Memory,,,,,true,,0,0,0,0,null,0,0,0
1591375304495,14050,localhost CPU,,,,,true,,0,0,0,0,null,0,0,0
1591375304495,2000,localhost Disks I/O,,,,,true,,0,0,0,0,null,0,0,0
1591375305496,77329,localhost Memory,,,,,true,,0,0,0,0,null,0,0,0
1591375305496,69379,localhost CPU,,,,,true,,0,0,0,0,null,0,0,0
1591375305496,0,localhost Disks I/O,,,,,true,,0,0,0,0,null,0,0,0
1591375306497,77457,localhost Memory,,,,,true,,0,0,0,0,null,0,0,0
1591375306497,76975,localhost CPU,,,,,true,,0,0,0,0,null,0,0,0
1591375306497,0,localhost Disks I/O,,,,,true,,0,0,0,0,null,0,0,0
1591375307498,77553,localhost Memory,,,,,true,,0,0,0,0,null,0,0,0
1591375307499,15936,localhost CPU,,,,,true,,0,0,0,0,null,0,0,0
1591375307499,0,localhost Disks I/O,,,,,true,,0,0,0,0,null,0,0,0
1591375308503,77483,localhost Memory,,,,,true,,0,0,0,0,null,0,0,0
1591375308503,22827,localhost CPU,,,,,true,,0,0,0,0,null,0,0,0
1591375308503,0,localhost Disks I/O,,,,,true,,0,0,0,0,null,0,0,0
1591375309515,78127,localhost Memory,,,,,true,,0,0,0,0,null,0,0,0
1591375309515,84934,localhost CPU,,,,,true,,0,0,0,0,null,0,0,0
1591375309515,0,localhost Disks I/O,,,,,true,,0,0,0,0,null,0,0,0
1591375310515,77870,localhost Memory,,,,,true,,0,0,0,0,null,0,0,0
1591375310515,49011,localhost CPU,,,,,true,,0,0,0,0,null,0,0,0
1591375310515,0,localhost Disks I/O,,,,,true,,0,0,0,0,null,0,0,0
1591375311516,77942,localhost Memory,,,,,true,,0,0,0,0,null,0,0,0
1591375311519,82188,localhost CPU,,,,,true,,0,0,0,0,null,0,0,0
1591375311519,0,localhost Disks I/O,,,,,true,,0,0,0,0,null,0,0,0
1591375312520,77941,localhost Memory,,,,,true,,0,0,0,0,null,0,0,0
1591375312520,44721,localhost CPU,,,,,true,,0,0,0,0,null,0,0,0
1591375312520,0,localhost Disks I/O,,,,,true,,0,0,0,0,null,0,0,0
1591375313521,77944,localhost Memory,,,,,true,,0,0,0,0,null,0,0,0
1591375313521,12170,localhost CPU,,,,,true,,0,0,0,0,null,0,0,0
1591375313521,0,localhost Disks I/O,,,,,true,,0,0,0,0,null,0,0,0
1591375314521,77962,localhost Memory,,,,,true,,0,0,0,0,null,0,0,0
1591375314522,7825,localhost CPU,,,,,true,,0,0,0,0,null,0,0,0
1591375314522,0,localhost Disks I/O,,,,,true,,0,0,0,0,null,0,0,0
1591375315523,78008,localhost Memory,,,,,true,,0,0,0,0,null,0,0,0
1591375315524,6228,localhost CPU,,,,,true,,0,0,0,0,null,0,0,0
1591375315524,0,localhost Disks I/O,,,,,true,,0,0,0,0,null,0,0,0
1591375316524,77999,localhost Memory,,,,,true,,0,0,0,0,null,0,0,0
1591375316524,12048,localhost CPU,,,,,true,,0,0,0,0,null,0,0,0
1591375316524,0,localhost Disks I/O,,,,,true,,0,0,0,0,null,0,0,0
1591375317525,77993,localhost Memory,,,,,true,,0,0,0,0,null,0,0,0
1591375317526,12826,localhost CPU,,,,,true,,0,0,0,0,null,0,0,0
1591375317526,0,localhost Disks I/O,,,,,true,,0,0,0,0,null,0,0,0
1591375318526,77899,localhost Memory,,,,,true,,0,0,0,0,null,0,0,0
1591375318526,19399,localhost CPU,,,,,true,,0,0,0,0,null,0,0,0
1591375318526,0,localhost Disks I/O,,,,,true,,0,0,0,0,null,0,0,0
1591375319526,77901,localhost Memory,,,,,true,,0,0,0,0,null,0,0,0
1591375319526,9433,localhost CPU,,,,,true,,0,0,0,0,null,0,0,0
1591375319526,0,localhost Disks I/O,,,,,true,,0,0,0,0,null,0,0,0
1591375320527,77903,localhost Memory,,,,,true,,0,0,0,0,null,0,0,0
1591375320528,11653,localhost CPU,,,,,true,,0,0,0,0,null,0,0,0
1591375320528,0,localhost Disks I/O,,,,,true,,0,0,0,0,null,0,0,0
1591375321528,77903,localhost Memory,,,,,true,,0,0,0,0,null,0,0,0
1591375321528,7378,localhost CPU,,,,,true,,0,0,0,0,null,0,0,0
1591375321528,0,localhost Disks I/O,,,,,true,,0,0,0,0,null,0,0,0
1591375322528,79097,localhost Memory,,,,,true,,0,0,0,0,null,0,0,0
1591375322528,29379,localhost CPU,,,,,true,,0,0,0,0,null,0,0,0
1591375322528,0,localhost Disks I/O,,,,,true,,0,0,0,0,null,0,0,0
1591375323529,78591,localhost Memory,,,,,true,,0,0,0,0,null,0,0,0
1591375323529,14930,localhost CPU,,,,,true,,0,0,0,0,null,0,0,0
1591375323529,0,localhost Disks I/O,,,,,true,,0,0,0,0,null,0,0,0
1591375324530,78541,localhost Memory,,,,,true,,0,0,0,0,null,0,0,0
1591375324530,3883,localhost CPU,,,,,true,,0,0,0,0,null,0,0,0
1591375324530,0,localhost Disks I/O,,,,,true,,0,0,0,0,null,0,0,0
1591375325531,78451,localhost Memory,,,,,true,,0,0,0,0,null,0,0,0
1591375325531,10209,localhost CPU,,,,,true,,0,0,0,0,null,0,0,0
1591375325532,0,localhost Disks I/O,,,,,true,,0,0,0,0,null,0,0,0
1591375326533,78434,localhost Memory,,,,,true,,0,0,0,0,null,0,0,0
1591375326533,21763,localhost CPU,,,,,true,,0,0,0,0,null,0,0,0
1591375326533,0,localhost Disks I/O,,,,,true,,0,0,0,0,null,0,0,0
1591375327534,78263,localhost Memory,,,,,true,,0,0,0,0,null,0,0,0
1591375327534,8609,localhost CPU,,,,,true,,0,0,0,0,null,0,0,0
1591375327534,0,localhost Disks I/O,,,,,true,,0,0,0,0,null,0,0,0
1591375328534,78274,localhost Memory,,,,,true,,0,0,0,0,null,0,0,0
1591375328534,11171,localhost CPU,,,,,true,,0,0,0,0,null,0,0,0
1591375328534,0,localhost Disks I/O,,,,,true,,0,0,0,0,null,0,0,0
1591375329534,78270,localhost Memory,,,,,true,,0,0,0,0,null,0,0,0
1591375329534,5805,localhost CPU,,,,,true,,0,0,0,0,null,0,0,0
1591375329534,0,localhost Disks I/O,,,,,true,,0,0,0,0,null,0,0,0
1591375330534,78271,localhost Memory,,,,,true,,0,0,0,0,null,0,0,0
1591375330534,9339,localhost CPU,,,,,true,,0,0,0,0,null,0,0,0
1591375330534,0,localhost Disks I/O,,,,,true,,0,0,0,0,null,0,0,0
1591375331535,78268,localhost Memory,,,,,true,,0,0,0,0,null,0,0,0
1591375331535,9471,localhost CPU,,,,,true,,0,0,0,0,null,0,0,0
1591375331535,0,localhost Disks I/O,,,,,true,,0,0,0,0,null,0,0,0
1591375332535,78262,localhost Memory,,,,,true,,0,0,0,0,null,0,0,0
1591375332535,16129,localhost CPU,,,,,true,,0,0,0,0,null,0,0,0
1591375332535,0,localhost Disks I/O,,,,,true,,0,0,0,0,null,0,0,0
1591375333535,78263,localhost Memory,,,,,true,,0,0,0,0,null,0,0,0
1591375333535,5563,localhost CPU,,,,,true,,0,0,0,0,null,0,0,0
1591375333535,0,localhost Disks I/O,,,,,true,,0,0,0,0,null,0,0,0
1591375334537,78255,localhost Memory,,,,,true,,0,0,0,0,null,0,0,0
1591375334537,8123,localhost CPU,,,,,true,,0,0,0,0,null,0,0,0
1591375334538,0,localhost Disks I/O,,,,,true,,0,0,0,0,null,0,0,0
1591375335538,78253,localhost Memory,,,,,true,,0,0,0,0,null,0,0,0
1591375335538,10817,localhost CPU,,,,,true,,0,0,0,0,null,0,0,0
1591375335538,0,localhost Disks I/O,,,,,true,,0,0,0,0,null,0,0,0
1591375336538,78251,localhost Memory,,,,,true,,0,0,0,0,null,0,0,0
1591375336538,5478,localhost CPU,,,,,true,,0,0,0,0,null,0,0,0
1591375336538,0,localhost Disks I/O,,,,,true,,0,0,0,0,null,0,0,0
1591375337539,78266,localhost Memory,,,,,true,,0,0,0,0,null,0,0,0
1591375337548,18439,localhost CPU,,,,,true,,0,0,0,0,null,0,0,0
1591375337548,0,localhost Disks I/O,,,,,true,,0,0,0,0,null,0,0,0
1591375338548,78265,localhost Memory,,,,,true,,0,0,0,0,null,0,0,0
1591375338548,38902,localhost CPU,,,,,true,,0,0,0,0,null,0,0,0
1591375338548,0,localhost Disks I/O,,,,,true,,0,0,0,0,null,0,0,0
1591375339549,78263,localhost Memory,,,,,true,,0,0,0,0,null,0,0,0
1591375339549,33839,localhost CPU,,,,,true,,0,0,0,0,null,0,0,0
1591375339549,0,localhost Disks I/O,,,,,true,,0,0,0,0,null,0,0,0
1591375340549,78262,localhost Memory,,,,,true,,0,0,0,0,null,0,0,0
1591375340549,26963,localhost CPU,,,,,true,,0,0,0,0,null,0,0,0
1591375340549,0,localhost Disks I/O,,,,,true,,0,0,0,0,null,0,0,0
1591375341550,78273,localhost Memory,,,,,true,,0,0,0,0,null,0,0,0
1591375341551,7823,localhost CPU,,,,,true,,0,0,0,0,null,0,0,0
1591375341551,1000,localhost Disks I/O,,,,,true,,0,0,0,0,null,0,0,0
1591375342551,78375,localhost Memory,,,,,true,,0,0,0,0,null,0,0,0
1591375342551,8435,localhost CPU,,,,,true,,0,0,0,0,null,0,0,0
1591375342551,1000,localhost Disks I/O,,,,,true,,0,0,0,0,null,0,0,0
1591375343552,78392,localhost Memory,,,,,true,,0,0,0,0,null,0,0,0
1591375343555,13704,localhost CPU,,,,,true,,0,0,0,0,null,0,0,0
1591375343555,0,localhost Disks I/O,,,,,true,,0,0,0,0,null,0,0,0
1591375344556,78399,localhost Memory,,,,,true,,0,0,0,0,null,0,0,0
1591375344556,7793,localhost CPU,,,,,true,,0,0,0,0,null,0,0,0
1591375344556,0,localhost Disks I/O,,,,,true,,0,0,0,0,null,0,0,0
1591375345556,78392,localhost Memory,,,,,true,,0,0,0,0,null,0,0,0
1591375345556,6675,localhost CPU,,,,,true,,0,0,0,0,null,0,0,0
1591375345556,0,localhost Disks I/O,,,,,true,,0,0,0,0,null,0,0,0
1591375346557,78398,localhost Memory,,,,,true,,0,0,0,0,null,0,0,0
1591375346557,7709,localhost CPU,,,,,true,,0,0,0,0,null,0,0,0
1591375346557,0,localhost Disks I/O,,,,,true,,0,0,0,0,null,0,0,0
1591375347557,78390,localhost Memory,,,,,true,,0,0,0,0,null,0,0,0
1591375347557,6656,localhost CPU,,,,,true,,0,0,0,0,null,0,0,0
1591375347557,0,localhost Disks I/O,,,,,true,,0,0,0,0,null,0,0,0
1591375348558,78390,localhost Memory,,,,,true,,0,0,0,0,null,0,0,0
1591375348558,10076,localhost CPU,,,,,true,,0,0,0,0,null,0,0,0
1591375348558,0,localhost Disks I/O,,,,,true,,0,0,0,0,null,0,0,0
1591375349558,78388,localhost Memory,,,,,true,,0,0,0,0,null,0,0,0
1591375349559,8477,localhost CPU,,,,,true,,0,0,0,0,null,0,0,0
1591375349559,0,localhost Disks I/O,,,,,true,,0,0,0,0,null,0,0,0
1591375350560,78709,localhost Memory,,,,,true,,0,0,0,0,null,0,0,0
1591375350560,10969,localhost CPU,,,,,true,,0,0,0,0,null,0,0,0
1591375350560,0,localhost Disks I/O,,,,,true,,0,0,0,0,null,0,0,0
1591375351560,78816,localhost Memory,,,,,true,,0,0,0,0,null,0,0,0
1591375351560,20060,localhost CPU,,,,,true,,0,0,0,0,null,0,0,0
1591375351560,0,localhost Disks I/O,,,,,true,,0,0,0,0,null,0,0,0
1591375352561,78812,localhost Memory,,,,,true,,0,0,0,0,null,0,0,0
1591375352562,14152,localhost CPU,,,,,true,,0,0,0,0,null,0,0,0
1591375352562,0,localhost Disks I/O,,,,,true,,0,0,0,0,null,0,0,0
1591375353562,78810,localhost Memory,,,,,true,,0,0,0,0,null,0,0,0
1591375353562,6601,localhost CPU,,,,,true,,0,0,0,0,null,0,0,0
1591375353562,0,localhost Disks I/O,,,,,true,,0,0,0,0,null,0,0,0
1591375354563,78807,localhost Memory,,,,,true,,0,0,0,0,null,0,0,0
1591375354563,11741,localhost CPU,,,,,true,,0,0,0,0,null,0,0,0
1591375354563,0,localhost Disks I/O,,,,,true,,0,0,0,0,null,0,0,0
1591375355564,78804,localhost Memory,,,,,true,,0,0,0,0,null,0,0,0
1591375355564,8554,localhost CPU,,,,,true,,0,0,0,0,null,0,0,0
1591375355564,0,localhost Disks I/O,,,,,true,,0,0,0,0,null,0,0,0
1591375356565,78891,localhost Memory,,,,,true,,0,0,0,0,null,0,0,0
1591375356565,19103,localhost CPU,,,,,true,,0,0,0,0,null,0,0,0
1591375356565,0,localhost Disks I/O,,,,,true,,0,0,0,0,null,0,0,0
1591375357565,78608,localhost Memory,,,,,true,,0,0,0,0,null,0,0,0
1591375357565,5026,localhost CPU,,,,,true,,0,0,0,0,null,0,0,0
1591375357565,0,localhost Disks I/O,,,,,true,,0,0,0,0,null,0,0,0
1591375358565,78606,localhost Memory,,,,,true,,0,0,0,0,null,0,0,0
1591375358566,10612,localhost CPU,,,,,true,,0,0,0,0,null,0,0,0
1591375358566,0,localhost Disks I/O,,,,,true,,0,0,0,0,null,0,0,0
1591375359567,78612,localhost Memory,,,,,true,,0,0,0,0,null,0,0,0
1591375359567,30539,localhost CPU,,,,,true,,0,0,0,0,null,0,0,0
1591375359567,1000,localhost Disks I/O,,,,,true,,0,0,0,0,null,0,0,0
1591375360567,78725,localhost Memory,,,,,true,,0,0,0,0,null,0,0,0
1591375360567,16553,localhost CPU,,,,,true,,0,0,0,0,null,0,0,0
1591375360567,0,localhost Disks I/O,,,,,true,,0,0,0,0,null,0,0,0
1591375361568,78715,localhost Memory,,,,,true,,0,0,0,0,null,0,0,0
1591375361568,11235,localhost CPU,,,,,true,,0,0,0,0,null,0,0,0
1591375361568,0,localhost Disks I/O,,,,,true,,0,0,0,0,null,0,0,0
1591375362568,78708,localhost Memory,,,,,true,,0,0,0,0,null,0,0,0
1591375362569,13976,localhost CPU,,,,,true,,0,0,0,0,null,0,0,0
1591375362569,0,localhost Disks I/O,,,,,true,,0,0,0,0,null,0,0,0
1591375363569,78684,localhost Memory,,,,,true,,0,0,0,0,null,0,0,0
1591375363569,9811,localhost CPU,,,,,true,,0,0,0,0,null,0,0,0
1591375363569,0,localhost Disks I/O,,,,,true,,0,0,0,0,null,0,0,0
1591375364570,78681,localhost Memory,,,,,true,,0,0,0,0,null,0,0,0
1591375364570,20339,localhost CPU,,,,,true,,0,0,0,0,null,0,0,0
1591375364571,0,localhost Disks I/O,,,,,true,,0,0,0,0,null,0,0,0
1591375365573,78681,localhost Memory,,,,,true,,0,0,0,0,null,0,0,0
1591375365582,14486,localhost CPU,,,,,true,,0,0,0,0,null,0,0,0
1591375365582,0,localhost Disks I/O,,,,,true,,0,0,0,0,null,0,0,0
1591375366582,78667,localhost Memory,,,,,true,,0,0,0,0,null,0,0,0
1591375366582,13569,localhost CPU,,,,,true,,0,0,0,0,null,0,0,0
1591375366582,0,localhost Disks I/O,,,,,true,,0,0,0,0,null,0,0,0
1591375367583,78665,localhost Memory,,,,,true,,0,0,0,0,null,0,0,0
1591375367583,9789,localhost CPU,,,,,true,,0,0,0,0,null,0,0,0
1591375367583,0,localhost Disks I/O,,,,,true,,0,0,0,0,null,0,0,0
1591375368584,78432,localhost Memory,,,,,true,,0,0,0,0,null,0,0,0
1591375368584,36921,localhost CPU,,,,,true,,0,0,0,0,null,0,0,0
1591375368584,0,localhost Disks I/O,,,,,true,,0,0,0,0,null,0,0,0
1591375369584,78436,localhost Memory,,,,,true,,0,0,0,0,null,0,0,0
1591375369594,17191,localhost CPU,,,,,true,,0,0,0,0,null,0,0,0
1591375369594,0,localhost Disks I/O,,,,,true,,0,0,0,0,null,0,0,0
1591375370595,78429,localhost Memory,,,,,true,,0,0,0,0,null,0,0,0
1591375370630,28549,localhost CPU,,,,,true,,0,0,0,0,null,0,0,0
1591375370631,0,localhost Disks I/O,,,,,true,,0,0,0,0,null,0,0,0
1591375371632,78409,localhost Memory,,,,,true,,0,0,0,0,null,0,0,0
1591375371632,16775,localhost CPU,,,,,true,,0,0,0,0,null,0,0,0
1591375371632,0,localhost Disks I/O,,,,,true,,0,0,0,0,null,0,0,0
1591375372633,78388,localhost Memory,,,,,true,,0,0,0,0,null,0,0,0
1591375372633,32564,localhost CPU,,,,,true,,0,0,0,0,null,0,0,0
1591375372633,0,localhost Disks I/O,,,,,true,,0,0,0,0,null,0,0,0
1591375373634,78385,localhost Memory,,,,,true,,0,0,0,0,null,0,0,0
1591375373634,28749,localhost CPU,,,,,true,,0,0,0,0,null,0,0,0
1591375373634,0,localhost Disks I/O,,,,,true,,0,0,0,0,null,0,0,0
1591375374635,78298,localhost Memory,,,,,true,,0,0,0,0,null,0,0,0
1591375374635,19677,localhost CPU,,,,,true,,0,0,0,0,null,0,0,0
1591375374635,0,localhost Disks I/O,,,,,true,,0,0,0,0,null,0,0,0
1591375375636,78212,localhost Memory,,,,,true,,0,0,0,0,null,0,0,0
1591375375636,36008,localhost CPU,,,,,true,,0,0,0,0,null,0,0,0
1591375375636,4000,localhost Disks I/O,,,,,true,,0,0,0,0,null,0,0,0
1591375376636,78276,localhost Memory,,,,,true,,0,0,0,0,null,0,0,0
1591375376636,17595,localhost CPU,,,,,true,,0,0,0,0,null,0,0,0
1591375376636,1000,localhost Disks I/O,,,,,true,,0,0,0,0,null,0,0,0
1591375377636,78307,localhost Memory,,,,,true,,0,0,0,0,null,0,0,0
1591375377636,9772,localhost CPU,,,,,true,,0,0,0,0,null,0,0,0
1591375377636,2000,localhost Disks I/O,,,,,true,,0,0,0,0,null,0,0,0
1591375378636,78351,localhost Memory,,,,,true,,0,0,0,0,null,0,0,0
1591375378636,9448,localhost CPU,,,,,true,,0,0,0,0,null,0,0,0
1591375378636,2000,localhost Disks I/O,,,,,true,,0,0,0,0,null,0,0,0
1591375379637,78384,localhost Memory,,,,,true,,0,0,0,0,null,0,0,0
1591375379637,17131,localhost CPU,,,,,true,,0,0,0,0,null,0,0,0
1591375379637,3000,localhost Disks I/O,,,,,true,,0,0,0,0,null,0,0,0
1591375380638,78435,localhost Memory,,,,,true,,0,0,0,0,null,0,0,0
1591375380638,13203,localhost CPU,,,,,true,,0,0,0,0,null,0,0,0
1591375380638,2000,localhost Disks I/O,,,,,true,,0,0,0,0,null,0,0,0
1591375381639,78468,localhost Memory,,,,,true,,0,0,0,0,null,0,0,0
1591375381639,9814,localhost CPU,,,,,true,,0,0,0,0,null,0,0,0
1591375381639,6000,localhost Disks I/O,,,,,true,,0,0,0,0,null,0,0,0
1591375382640,79953,localhost Memory,,,,,true,,0,0,0,0,null,0,0,0
1591375382640,34887,localhost CPU,,,,,true,,0,0,0,0,null,0,0,0
1591375382640,0,localhost Disks I/O,,,,,true,,0,0,0,0,null,0,0,0
1591375383640,79650,localhost Memory,,,,,true,,0,0,0,0,null,0,0,0
1591375383650,30042,localhost CPU,,,,,true,,0,0,0,0,null,0,0,0
1591375383650,0,localhost Disks I/O,,,,,true,,0,0,0,0,null,0,0,0
1591375384650,79638,localhost Memory,,,,,true,,0,0,0,0,null,0,0,0
1591375384650,23691,localhost CPU,,,,,true,,0,0,0,0,null,0,0,0
1591375384650,0,localhost Disks I/O,,,,,true,,0,0,0,0,null,0,0,0
1591375385651,79481,localhost Memory,,,,,true,,0,0,0,0,null,0,0,0
1591375385652,12478,localhost CPU,,,,,true,,0,0,0,0,null,0,0,0
1591375385652,0,localhost Disks I/O,,,,,true,,0,0,0,0,null,0,0,0
1591375386652,79483,localhost Memory,,,,,true,,0,0,0,0,null,0,0,0
1591375386652,16549,localhost CPU,,,,,true,,0,0,0,0,null,0,0,0
1591375386652,0,localhost Disks I/O,,,,,true,,0,0,0,0,null,0,0,0
1591375387652,79286,localhost Memory,,,,,true,,0,0,0,0,null,0,0,0
1591375387652,13920,localhost CPU,,,,,true,,0,0,0,0,null,0,0,0
1591375387652,0,localhost Disks I/O,,,,,true,,0,0,0,0,null,0,0,0
1591375388652,79286,localhost Memory,,,,,true,,0,0,0,0,null,0,0,0
1591375388652,5139,localhost CPU,,,,,true,,0,0,0,0,null,0,0,0
1591375388652,0,localhost Disks I/O,,,,,true,,0,0,0,0,null,0,0,0
1591375389653,79266,localhost Memory,,,,,true,,0,0,0,0,null,0,0,0
1591375389654,7762,localhost CPU,,,,,true,,0,0,0,0,null,0,0,0
1591375389654,0,localhost Disks I/O,,,,,true,,0,0,0,0,null,0,0,0
1591375390654,79268,localhost Memory,,,,,true,,0,0,0,0,null,0,0,0
1591375390654,12409,localhost CPU,,,,,true,,0,0,0,0,null,0,0,0
1591375390654,0,localhost Disks I/O,,,,,true,,0,0,0,0,null,0,0,0
1591375391656,79186,localhost Memory,,,,,true,,0,0,0,0,null,0,0,0
1591375391667,16031,localhost CPU,,,,,true,,0,0,0,0,null,0,0,0
1591375391667,0,localhost Disks I/O,,,,,true,,0,0,0,0,null,0,0,0
1591375392667,79185,localhost Memory,,,,,true,,0,0,0,0,null,0,0,0
1591375392668,5473,localhost CPU,,,,,true,,0,0,0,0,null,0,0,0
1591375392668,0,localhost Disks I/O,,,,,true,,0,0,0,0,null,0,0,0
1591375393669,79160,localhost Memory,,,,,true,,0,0,0,0,null,0,0,0
1591375393669,13350,localhost CPU,,,,,true,,0,0,0,0,null,0,0,0
1591375393669,0,localhost Disks I/O,,,,,true,,0,0,0,0,null,0,0,0
1591375394669,79152,localhost Memory,,,,,true,,0,0,0,0,null,0,0,0
1591375394669,14371,localhost CPU,,,,,true,,0,0,0,0,null,0,0,0
1591375394669,0,localhost Disks I/O,,,,,true,,0,0,0,0,null,0,0,0
1591375395670,79122,localhost Memory,,,,,true,,0,0,0,0,null,0,0,0
1591375395670,16350,localhost CPU,,,,,true,,0,0,0,0,null,0,0,0
1591375395670,0,localhost Disks I/O,,,,,true,,0,0,0,0,null,0,0,0
1591375396670,79704,localhost Memory,,,,,true,,0,0,0,0,null,0,0,0
1591375396670,40657,localhost CPU,,,,,true,,0,0,0,0,null,0,0,0
1591375396670,0,localhost Disks I/O,,,,,true,,0,0,0,0,null,0,0,0
1591375397671,79717,localhost Memory,,,,,true,,0,0,0,0,null,0,0,0
1591375397672,29556,localhost CPU,,,,,true,,0,0,0,0,null,0,0,0
1591375397673,0,localhost Disks I/O,,,,,true,,0,0,0,0,null,0,0,0
1591375398673,79692,localhost Memory,,,,,true,,0,0,0,0,null,0,0,0
1591375398680,26450,localhost CPU,,,,,true,,0,0,0,0,null,0,0,0
1591375398680,0,localhost Disks I/O,,,,,true,,0,0,0,0,null,0,0,0
1591375399681,79694,localhost Memory,,,,,true,,0,0,0,0,null,0,0,0
1591375399681,15642,localhost CPU,,,,,true,,0,0,0,0,null,0,0,0
1591375399681,0,localhost Disks I/O,,,,,true,,0,0,0,0,null,0,0,0
1591375400681,79674,localhost Memory,,,,,true,,0,0,0,0,null,0,0,0
1591375400682,10968,localhost CPU,,,,,true,,0,0,0,0,null,0,0,0
1591375400682,0,localhost Disks I/O,,,,,true,,0,0,0,0,null,0,0,0
1591375401682,79673,localhost Memory,,,,,true,,0,0,0,0,null,0,0,0
1591375401682,12921,localhost CPU,,,,,true,,0,0,0,0,null,0,0,0
1591375401682,0,localhost Disks I/O,,,,,true,,0,0,0,0,null,0,0,0
1591375402683,79675,localhost Memory,,,,,true,,0,0,0,0,null,0,0,0
1591375402683,9339,localhost CPU,,,,,true,,0,0,0,0,null,0,0,0
1591375402683,0,localhost Disks I/O,,,,,true,,0,0,0,0,null,0,0,0
1591375403683,79675,localhost Memory,,,,,true,,0,0,0,0,null,0,0,0
1591375403683,11677,localhost CPU,,,,,true,,0,0,0,0,null,0,0,0
1591375403683,0,localhost Disks I/O,,,,,true,,0,0,0,0,null,0,0,0
1591375404683,79480,localhost Memory,,,,,true,,0,0,0,0,null,0,0,0
1591375404690,14229,localhost CPU,,,,,true,,0,0,0,0,null,0,0,0
1591375404690,0,localhost Disks I/O,,,,,true,,0,0,0,0,null,0,0,0
1591375405690,79462,localhost Memory,,,,,true,,0,0,0,0,null,0,0,0
1591375405690,9936,localhost CPU,,,,,true,,0,0,0,0,null,0,0,0
1591375405690,0,localhost Disks I/O,,,,,true,,0,0,0,0,null,0,0,0
1591375406691,79463,localhost Memory,,,,,true,,0,0,0,0,null,0,0,0
1591375406692,15555,localhost CPU,,,,,true,,0,0,0,0,null,0,0,0
1591375406692,0,localhost Disks I/O,,,,,true,,0,0,0,0,null,0,0,0
1591375407692,78424,localhost Memory,,,,,true,,0,0,0,0,null,0,0,0
1591375407692,71025,localhost CPU,,,,,true,,0,0,0,0,null,0,0,0
1591375407692,0,localhost Disks I/O,,,,,true,,0,0,0,0,null,0,0,0
1591375408692,78328,localhost Memory,,,,,true,,0,0,0,0,null,0,0,0
1591375408692,14396,localhost CPU,,,,,true,,0,0,0,0,null,0,0,0
1591375408692,0,localhost Disks I/O,,,,,true,,0,0,0,0,null,0,0,0
1591375409692,78333,localhost Memory,,,,,true,,0,0,0,0,null,0,0,0
1591375409692,9221,localhost CPU,,,,,true,,0,0,0,0,null,0,0,0
1591375409692,0,localhost Disks I/O,,,,,true,,0,0,0,0,null,0,0,0
1591375410693,78337,localhost Memory,,,,,true,,0,0,0,0,null,0,0,0
1591375410693,21678,localhost CPU,,,,,true,,0,0,0,0,null,0,0,0
1591375410693,0,localhost Disks I/O,,,,,true,,0,0,0,0,null,0,0,0
1591375411694,78340,localhost Memory,,,,,true,,0,0,0,0,null,0,0,0
1591375411694,48816,localhost CPU,,,,,true,,0,0,0,0,null,0,0,0
1591375411694,0,localhost Disks I/O,,,,,true,,0,0,0,0,null,0,0,0
1591375412694,78336,localhost Memory,,,,,true,,0,0,0,0,null,0,0,0
1591375412694,22766,localhost CPU,,,,,true,,0,0,0,0,null,0,0,0
1591375412694,0,localhost Disks I/O,,,,,true,,0,0,0,0,null,0,0,0
1591375413695,78341,localhost Memory,,,,,true,,0,0,0,0,null,0,0,0
1591375413695,19048,localhost CPU,,,,,true,,0,0,0,0,null,0,0,0
1591375413695,0,localhost Disks I/O,,,,,true,,0,0,0,0,null,0,0,0
1591375414695,78239,localhost Memory,,,,,true,,0,0,0,0,null,0,0,0
1591375414695,41025,localhost CPU,,,,,true,,0,0,0,0,null,0,0,0
1591375414695,0,localhost Disks I/O,,,,,true,,0,0,0,0,null,0,0,0
1591375415695,78236,localhost Memory,,,,,true,,0,0,0,0,null,0,0,0
1591375415695,9811,localhost CPU,,,,,true,,0,0,0,0,null,0,0,0
1591375415695,0,localhost Disks I/O,,,,,true,,0,0,0,0,null,0,0,0
1591375416695,78238,localhost Memory,,,,,true,,0,0,0,0,null,0,0,0
1591375416695,10109,localhost CPU,,,,,true,,0,0,0,0,null,0,0,0
1591375416695,0,localhost Disks I/O,,,,,true,,0,0,0,0,null,0,0,0
1591375417696,78239,localhost Memory,,,,,true,,0,0,0,0,null,0,0,0
1591375417706,12478,localhost CPU,,,,,true,,0,0,0,0,null,0,0,0
1591375417706,0,localhost Disks I/O,,,,,true,,0,0,0,0,null,0,0,0
1591375418706,78238,localhost Memory,,,,,true,,0,0,0,0,null,0,0,0
1591375418718,15143,localhost CPU,,,,,true,,0,0,0,0,null,0,0,0
1591375418718,0,localhost Disks I/O,,,,,true,,0,0,0,0,null,0,0,0
1591375419718,78241,localhost Memory,,,,,true,,0,0,0,0,null,0,0,0
1591375419718,17595,localhost CPU,,,,,true,,0,0,0,0,null,0,0,0
1591375419718,0,localhost Disks I/O,,,,,true,,0,0,0,0,null,0,0,0
1591375420719,78240,localhost Memory,,,,,true,,0,0,0,0,null,0,0,0
1591375420719,7833,localhost CPU,,,,,true,,0,0,0,0,null,0,0,0
1591375420719,0,localhost Disks I/O,,,,,true,,0,0,0,0,null,0,0,0
1591375421720,78239,localhost Memory,,,,,true,,0,0,0,0,null,0,0,0
1591375421720,12500,localhost CPU,,,,,true,,0,0,0,0,null,0,0,0
1591375421720,0,localhost Disks I/O,,,,,true,,0,0,0,0,null,0,0,0
1591375422720,78234,localhost Memory,,,,,true,,0,0,0,0,null,0,0,0
1591375422720,22944,localhost CPU,,,,,true,,0,0,0,0,null,0,0,0
1591375422720,0,localhost Disks I/O,,,,,true,,0,0,0,0,null,0,0,0
1591375423721,78237,localhost Memory,,,,,true,,0,0,0,0,null,0,0,0
1591375423721,13832,localhost CPU,,,,,true,,0,0,0,0,null,0,0,0
1591375423721,0,localhost Disks I/O,,,,,true,,0,0,0,0,null,0,0,0
1591375424721,78234,localhost Memory,,,,,true,,0,0,0,0,null,0,0,0
1591375424721,15390,localhost CPU,,,,,true,,0,0,0,0,null,0,0,0
1591375424721,0,localhost Disks I/O,,,,,true,,0,0,0,0,null,0,0,0
1591375425721,78233,localhost Memory,,,,,true,,0,0,0,0,null,0,0,0
1591375425721,8883,localhost CPU,,,,,true,,0,0,0,0,null,0,0,0
1591375425721,1000,localhost Disks I/O,,,,,true,,0,0,0,0,null,0,0,0
1591375426721,78232,localhost Memory,,,,,true,,0,0,0,0,null,0,0,0
1591375426722,22358,localhost CPU,,,,,true,,0,0,0,0,null,0,0,0
1591375426722,0,localhost Disks I/O,,,,,true,,0,0,0,0,null,0,0,0
1591375427723,78220,localhost Memory,,,,,true,,0,0,0,0,null,0,0,0
1591375427723,11370,localhost CPU,,,,,true,,0,0,0,0,null,0,0,0
1591375427723,0,localhost Disks I/O,,,,,true,,0,0,0,0,null,0,0,0
1591375428724,78217,localhost Memory,,,,,true,,0,0,0,0,null,0,0,0
1591375428724,15763,localhost CPU,,,,,true,,0,0,0,0,null,0,0,0
1591375428724,0,localhost Disks I/O,,,,,true,,0,0,0,0,null,0,0,0
1591375429724,78208,localhost Memory,,,,,true,,0,0,0,0,null,0,0,0
1591375429724,21114,localhost CPU,,,,,true,,0,0,0,0,null,0,0,0
1591375429724,0,localhost Disks I/O,,,,,true,,0,0,0,0,null,0,0,0
1591375430725,78192,localhost Memory,,,,,true,,0,0,0,0,null,0,0,0
1591375430726,15246,localhost CPU,,,,,true,,0,0,0,0,null,0,0,0
1591375430726,1000,localhost Disks I/O,,,,,true,,0,0,0,0,null,0,0,0
1591375431726,78181,localhost Memory,,,,,true,,0,0,0,0,null,0,0,0
1591375431726,16024,localhost CPU,,,,,true,,0,0,0,0,null,0,0,0
1591375431726,0,localhost Disks I/O,,,,,true,,0,0,0,0,null,0,0,0
1591375432726,78174,localhost Memory,,,,,true,,0,0,0,0,null,0,0,0
1591375432747,34873,localhost CPU,,,,,true,,0,0,0,0,null,0,0,0
1591375432747,0,localhost Disks I/O,,,,,true,,0,0,0,0,null,0,0,0
1591375433748,78170,localhost Memory,,,,,true,,0,0,0,0,null,0,0,0
1591375433748,9736,localhost CPU,,,,,true,,0,0,0,0,null,0,0,0
1591375433748,0,localhost Disks I/O,,,,,true,,0,0,0,0,null,0,0,0
1591375434753,78181,localhost Memory,,,,,true,,0,0,0,0,null,0,0,0
1591375434763,16395,localhost CPU,,,,,true,,0,0,0,0,null,0,0,0
1591375434763,0,localhost Disks I/O,,,,,true,,0,0,0,0,null,0,0,0
1591375435763,78176,localhost Memory,,,,,true,,0,0,0,0,null,0,0,0
1591375435763,9327,localhost CPU,,,,,true,,0,0,0,0,null,0,0,0
1591375435763,0,localhost Disks I/O,,,,,true,,0,0,0,0,null,0,0,0
1591375436764,78170,localhost Memory,,,,,true,,0,0,0,0,null,0,0,0
1591375436764,13941,localhost CPU,,,,,true,,0,0,0,0,null,0,0,0
1591375436764,0,localhost Disks I/O,,,,,true,,0,0,0,0,null,0,0,0
1591375437764,78170,localhost Memory,,,,,true,,0,0,0,0,null,0,0,0
1591375437764,28142,localhost CPU,,,,,true,,0,0,0,0,null,0,0,0
1591375437764,0,localhost Disks I/O,,,,,true,,0,0,0,0,null,0,0,0
1591375438765,78166,localhost Memory,,,,,true,,0,0,0,0,null,0,0,0
1591375438774,14050,localhost CPU,,,,,true,,0,0,0,0,null,0,0,0
1591375438774,0,localhost Disks I/O,,,,,true,,0,0,0,0,null,0,0,0
1591375439775,78166,localhost Memory,,,,,true,,0,0,0,0,null,0,0,0
1591375439776,5873,localhost CPU,,,,,true,,0,0,0,0,null,0,0,0
1591375439776,0,localhost Disks I/O,,,,,true,,0,0,0,0,null,0,0,0
1591375440776,78158,localhost Memory,,,,,true,,0,0,0,0,null,0,0,0
1591375440776,20627,localhost CPU,,,,,true,,0,0,0,0,null,0,0,0
1591375440776,0,localhost Disks I/O,,,,,true,,0,0,0,0,null,0,0,0
1591375441777,78157,localhost Memory,,,,,true,,0,0,0,0,null,0,0,0
1591375441777,19911,localhost CPU,,,,,true,,0,0,0,0,null,0,0,0
1591375441777,0,localhost Disks I/O,,,,,true,,0,0,0,0,null,0,0,0
1591375442778,79223,localhost Memory,,,,,true,,0,0,0,0,null,0,0,0
1591375442778,36189,localhost CPU,,,,,true,,0,0,0,0,null,0,0,0
1591375442778,0,localhost Disks I/O,,,,,true,,0,0,0,0,null,0,0,0
1591375443778,78953,localhost Memory,,,,,true,,0,0,0,0,null,0,0,0
1591375443779,19045,localhost CPU,,,,,true,,0,0,0,0,null,0,0,0
1591375443779,0,localhost Disks I/O,,,,,true,,0,0,0,0,null,0,0,0
1591375444779,78954,localhost Memory,,,,,true,,0,0,0,0,null,0,0,0
1591375444779,25201,localhost CPU,,,,,true,,0,0,0,0,null,0,0,0
1591375444779,0,localhost Disks I/O,,,,,true,,0,0,0,0,null,0,0,0
1591375445780,78845,localhost Memory,,,,,true,,0,0,0,0,null,0,0,0
1591375445780,14748,localhost CPU,,,,,true,,0,0,0,0,null,0,0,0
1591375445780,0,localhost Disks I/O,,,,,true,,0,0,0,0,null,0,0,0
1591375446781,78867,localhost Memory,,,,,true,,0,0,0,0,null,0,0,0
1591375446782,12848,localhost CPU,,,,,true,,0,0,0,0,null,0,0,0
1591375446782,0,localhost Disks I/O,,,,,true,,0,0,0,0,null,0,0,0
1591375447782,78699,localhost Memory,,,,,true,,0,0,0,0,null,0,0,0
1591375447793,16037,localhost CPU,,,,,true,,0,0,0,0,null,0,0,0
1591375447793,0,localhost Disks I/O,,,,,true,,0,0,0,0,null,0,0,0
1591375448793,78996,localhost Memory,,,,,true,,0,0,0,0,null,0,0,0
1591375448793,14952,localhost CPU,,,,,true,,0,0,0,0,null,0,0,0
1591375448793,0,localhost Disks I/O,,,,,true,,0,0,0,0,null,0,0,0
1591375449793,78705,localhost Memory,,,,,true,,0,0,0,0,null,0,0,0
1591375449800,17504,localhost CPU,,,,,true,,0,0,0,0,null,0,0,0
1591375449800,0,localhost Disks I/O,,,,,true,,0,0,0,0,null,0,0,0
1591375450801,78705,localhost Memory,,,,,true,,0,0,0,0,null,0,0,0
1591375450801,8444,localhost CPU,,,,,true,,0,0,0,0,null,0,0,0
1591375450801,0,localhost Disks I/O,,,,,true,,0,0,0,0,null,0,0,0
1591375451802,78690,localhost Memory,,,,,true,,0,0,0,0,null,0,0,0
1591375451803,12900,localhost CPU,,,,,true,,0,0,0,0,null,0,0,0
1591375451803,0,localhost Disks I/O,,,,,true,,0,0,0,0,null,0,0,0
1591375452803,78689,localhost Memory,,,,,true,,0,0,0,0,null,0,0,0
1591375452803,18370,localhost CPU,,,,,true,,0,0,0,0,null,0,0,0
1591375452803,0,localhost Disks I/O,,,,,true,,0,0,0,0,null,0,0,0
1591375453803,78855,localhost Memory,,,,,true,,0,0,0,0,null,0,0,0
1591375453810,12900,localhost CPU,,,,,true,,0,0,0,0,null,0,0,0
1591375453811,0,localhost Disks I/O,,,,,true,,0,0,0,0,null,0,0,0
1591375454812,78625,localhost Memory,,,,,true,,0,0,0,0,null,0,0,0
1591375454812,11727,localhost CPU,,,,,true,,0,0,0,0,null,0,0,0
1591375454812,0,localhost Disks I/O,,,,,true,,0,0,0,0,null,0,0,0
1591375455813,78625,localhost Memory,,,,,true,,0,0,0,0,null,0,0,0
1591375455820,15476,localhost CPU,,,,,true,,0,0,0,0,null,0,0,0
1591375455820,0,localhost Disks I/O,,,,,true,,0,0,0,0,null,0,0,0
1591375456820,78629,localhost Memory,,,,,true,,0,0,0,0,null,0,0,0
1591375456820,22886,localhost CPU,,,,,true,,0,0,0,0,null,0,0,0
1591375456820,0,localhost Disks I/O,,,,,true,,0,0,0,0,null,0,0,0
1591375457821,78636,localhost Memory,,,,,true,,0,0,0,0,null,0,0,0
1591375457821,8415,localhost CPU,,,,,true,,0,0,0,0,null,0,0,0
1591375457821,0,localhost Disks I/O,,,,,true,,0,0,0,0,null,0,0,0
1591375458821,78660,localhost Memory,,,,,true,,0,0,0,0,null,0,0,0
1591375458822,10906,localhost CPU,,,,,true,,0,0,0,0,null,0,0,0
1591375458822,0,localhost Disks I/O,,,,,true,,0,0,0,0,null,0,0,0
1591375459822,78657,localhost Memory,,,,,true,,0,0,0,0,null,0,0,0
1591375459830,13075,localhost CPU,,,,,true,,0,0,0,0,null,0,0,0
1591375459830,0,localhost Disks I/O,,,,,true,,0,0,0,0,null,0,0,0
1591375460831,78667,localhost Memory,,,,,true,,0,0,0,0,null,0,0,0
1591375460838,11171,localhost CPU,,,,,true,,0,0,0,0,null,0,0,0
1591375460838,0,localhost Disks I/O,,,,,true,,0,0,0,0,null,0,0,0
1591375461838,78666,localhost Memory,,,,,true,,0,0,0,0,null,0,0,0
1591375461838,16270,localhost CPU,,,,,true,,0,0,0,0,null,0,0,0
1591375461838,0,localhost Disks I/O,,,,,true,,0,0,0,0,null,0,0,0
1591375462839,78668,localhost Memory,,,,,true,,0,0,0,0,null,0,0,0
1591375462840,15282,localhost CPU,,,,,true,,0,0,0,0,null,0,0,0
1591375462840,0,localhost Disks I/O,,,,,true,,0,0,0,0,null,0,0,0
1591375463840,78662,localhost Memory,,,,,true,,0,0,0,0,null,0,0,0
1591375463840,10798,localhost CPU,,,,,true,,0,0,0,0,null,0,0,0
1591375463897,0,localhost Disks I/O,,,,,true,,0,0,0,0,null,0,0,0
1591375464897,78664,localhost Memory,,,,,true,,0,0,0,0,null,0,0,0
1591375464897,20263,localhost CPU,,,,,true,,0,0,0,0,null,0,0,0
1591375464897,0,localhost Disks I/O,,,,,true,,0,0,0,0,null,0,0,0
1591375465898,78666,localhost Memory,,,,,true,,0,0,0,0,null,0,0,0
1591375465898,13022,localhost CPU,,,,,true,,0,0,0,0,null,0,0,0
1591375465898,0,localhost Disks I/O,,,,,true,,0,0,0,0,null,0,0,0
1591375466899,78664,localhost Memory,,,,,true,,0,0,0,0,null,0,0,0
1591375466899,13890,localhost CPU,,,,,true,,0,0,0,0,null,0,0,0
1591375466899,0,localhost Disks I/O,,,,,true,,0,0,0,0,null,0,0,0
1591375467899,78663,localhost Memory,,,,,true,,0,0,0,0,null,0,0,0
1591375467899,14735,localhost CPU,,,,,true,,0,0,0,0,null,0,0,0
1591375467899,0,localhost Disks I/O,,,,,true,,0,0,0,0,null,0,0,0
1591375468899,78664,localhost Memory,,,,,true,,0,0,0,0,null,0,0,0
1591375468899,13708,localhost CPU,,,,,true,,0,0,0,0,null,0,0,0
1591375468899,0,localhost Disks I/O,,,,,true,,0,0,0,0,null,0,0,0
1591375469899,78662,localhost Memory,,,,,true,,0,0,0,0,null,0,0,0
1591375469923,10903,localhost CPU,,,,,true,,0,0,0,0,null,0,0,0
1591375469923,0,localhost Disks I/O,,,,,true,,0,0,0,0,null,0,0,0
1591375470924,78658,localhost Memory,,,,,true,,0,0,0,0,null,0,0,0
1591375470924,14471,localhost CPU,,,,,true,,0,0,0,0,null,0,0,0
1591375470924,1000,localhost Disks I/O,,,,,true,,0,0,0,0,null,0,0,0
1591375471925,78657,localhost Memory,,,,,true,,0,0,0,0,null,0,0,0
1591375471925,10485,localhost CPU,,,,,true,,0,0,0,0,null,0,0,0
1591375471925,0,localhost Disks I/O,,,,,true,,0,0,0,0,null,0,0,0
1591375472925,78656,localhost Memory,,,,,true,,0,0,0,0,null,0,0,0
1591375472925,12431,localhost CPU,,,,,true,,0,0,0,0,null,0,0,0
1591375472925,0,localhost Disks I/O,,,,,true,,0,0,0,0,null,0,0,0
1591375473925,78651,localhost Memory,,,,,true,,0,0,0,0,null,0,0,0
1591375473925,13275,localhost CPU,,,,,true,,0,0,0,0,null,0,0,0
1591375473925,0,localhost Disks I/O,,,,,true,,0,0,0,0,null,0,0,0
1591375474925,78654,localhost Memory,,,,,true,,0,0,0,0,null,0,0,0
1591375474926,16273,localhost CPU,,,,,true,,0,0,0,0,null,0,0,0
1591375474926,0,localhost Disks I/O,,,,,true,,0,0,0,0,null,0,0,0
1591375475926,78664,localhost Memory,,,,,true,,0,0,0,0,null,0,0,0
1591375475926,9397,localhost CPU,,,,,true,,0,0,0,0,null,0,0,0
1591375475926,0,localhost Disks I/O,,,,,true,,0,0,0,0,null,0,0,0
1591375476926,78788,localhost Memory,,,,,true,,0,0,0,0,null,0,0,0
1591375476927,13516,localhost CPU,,,,,true,,0,0,0,0,null,0,0,0
1591375476927,0,localhost Disks I/O,,,,,true,,0,0,0,0,null,0,0,0
1591375477928,78786,localhost Memory,,,,,true,,0,0,0,0,null,0,0,0
1591375477928,49431,localhost CPU,,,,,true,,0,0,0,0,null,0,0,0
1591375477928,0,localhost Disks I/O,,,,,true,,0,0,0,0,null,0,0,0
1591375478928,78784,localhost Memory,,,,,true,,0,0,0,0,null,0,0,0
1591375478928,46305,localhost CPU,,,,,true,,0,0,0,0,null,0,0,0
1591375478928,0,localhost Disks I/O,,,,,true,,0,0,0,0,null,0,0,0
1591375479928,79841,localhost Memory,,,,,true,,0,0,0,0,null,0,0,0
1591375479928,47632,localhost CPU,,,,,true,,0,0,0,0,null,0,0,0
1591375479928,0,localhost Disks I/O,,,,,true,,0,0,0,0,null,0,0,0
1591375480928,79807,localhost Memory,,,,,true,,0,0,0,0,null,0,0,0
1591375480928,33618,localhost CPU,,,,,true,,0,0,0,0,null,0,0,0
1591375480928,1000,localhost Disks I/O,,,,,true,,0,0,0,0,null,0,0,0
1591375481929,79803,localhost Memory,,,,,true,,0,0,0,0,null,0,0,0
1591375481929,61896,localhost CPU,,,,,true,,0,0,0,0,null,0,0,0
1591375481929,0,localhost Disks I/O,,,,,true,,0,0,0,0,null,0,0,0
1591375482929,79763,localhost Memory,,,,,true,,0,0,0,0,null,0,0,0
1591375482929,29616,localhost CPU,,,,,true,,0,0,0,0,null,0,0,0
1591375482929,0,localhost Disks I/O,,,,,true,,0,0,0,0,null,0,0,0
1591375483930,79745,localhost Memory,,,,,true,,0,0,0,0,null,0,0,0
1591375483930,9352,localhost CPU,,,,,true,,0,0,0,0,null,0,0,0
1591375483930,0,localhost Disks I/O,,,,,true,,0,0,0,0,null,0,0,0
1591375484930,79727,localhost Memory,,,,,true,,0,0,0,0,null,0,0,0
1591375484930,19058,localhost CPU,,,,,true,,0,0,0,0,null,0,0,0
1591375484930,0,localhost Disks I/O,,,,,true,,0,0,0,0,null,0,0,0
1591375485930,79708,localhost Memory,,,,,true,,0,0,0,0,null,0,0,0
1591375485930,17975,localhost CPU,,,,,true,,0,0,0,0,null,0,0,0
1591375485930,0,localhost Disks I/O,,,,,true,,0,0,0,0,null,0,0,0
1591375486931,79708,localhost Memory,,,,,true,,0,0,0,0,null,0,0,0
1591375486932,20183,localhost CPU,,,,,true,,0,0,0,0,null,0,0,0
1591375486932,0,localhost Disks I/O,,,,,true,,0,0,0,0,null,0,0,0
1591375487932,79693,localhost Memory,,,,,true,,0,0,0,0,null,0,0,0
1591375487932,17624,localhost CPU,,,,,true,,0,0,0,0,null,0,0,0
1591375487932,0,localhost Disks I/O,,,,,true,,0,0,0,0,null,0,0,0
1591375488933,79687,localhost Memory,,,,,true,,0,0,0,0,null,0,0,0
1591375488933,20238,localhost CPU,,,,,true,,0,0,0,0,null,0,0,0
1591375488933,0,localhost Disks I/O,,,,,true,,0,0,0,0,null,0,0,0
1591375489933,79686,localhost Memory,,,,,true,,0,0,0,0,null,0,0,0
1591375489933,16363,localhost CPU,,,,,true,,0,0,0,0,null,0,0,0
1591375489933,0,localhost Disks I/O,,,,,true,,0,0,0,0,null,0,0,0
1591375490934,79660,localhost Memory,,,,,true,,0,0,0,0,null,0,0,0
1591375490935,33034,localhost CPU,,,,,true,,0,0,0,0,null,0,0,0
1591375490935,0,localhost Disks I/O,,,,,true,,0,0,0,0,null,0,0,0
1591375491935,79652,localhost Memory,,,,,true,,0,0,0,0,null,0,0,0
1591375491935,23463,localhost CPU,,,,,true,,0,0,0,0,null,0,0,0
1591375491935,0,localhost Disks I/O,,,,,true,,0,0,0,0,null,0,0,0
1591375492936,79648,localhost Memory,,,,,true,,0,0,0,0,null,0,0,0
1591375492936,21640,localhost CPU,,,,,true,,0,0,0,0,null,0,0,0
1591375492936,0,localhost Disks I/O,,,,,true,,0,0,0,0,null,0,0,0
1591375493936,79647,localhost Memory,,,,,true,,0,0,0,0,null,0,0,0
1591375493937,36038,localhost CPU,,,,,true,,0,0,0,0,null,0,0,0
1591375493937,0,localhost Disks I/O,,,,,true,,0,0,0,0,null,0,0,0
1591375494937,79646,localhost Memory,,,,,true,,0,0,0,0,null,0,0,0
1591375494947,20680,localhost CPU,,,,,true,,0,0,0,0,null,0,0,0
1591375494947,0,localhost Disks I/O,,,,,true,,0,0,0,0,null,0,0,0
1591375495947,79644,localhost Memory,,,,,true,,0,0,0,0,null,0,0,0
1591375495948,22977,localhost CPU,,,,,true,,0,0,0,0,null,0,0,0
1591375495948,0,localhost Disks I/O,,,,,true,,0,0,0,0,null,0,0,0
1591375496949,79644,localhost Memory,,,,,true,,0,0,0,0,null,0,0,0
1591375496949,11610,localhost CPU,,,,,true,,0,0,0,0,null,0,0,0
1591375496949,0,localhost Disks I/O,,,,,true,,0,0,0,0,null,0,0,0
1591375497949,79647,localhost Memory,,,,,true,,0,0,0,0,null,0,0,0
1591375497950,22481,localhost CPU,,,,,true,,0,0,0,0,null,0,0,0
1591375497950,0,localhost Disks I/O,,,,,true,,0,0,0,0,null,0,0,0
1591375498950,79677,localhost Memory,,,,,true,,0,0,0,0,null,0,0,0
1591375498951,18042,localhost CPU,,,,,true,,0,0,0,0,null,0,0,0
1591375498951,1000,localhost Disks I/O,,,,,true,,0,0,0,0,null,0,0,0
1591375499952,79687,localhost Memory,,,,,true,,0,0,0,0,null,0,0,0
1591375499953,17882,localhost CPU,,,,,true,,0,0,0,0,null,0,0,0
1591375499953,0,localhost Disks I/O,,,,,true,,0,0,0,0,null,0,0,0
1591375500953,79694,localhost Memory,,,,,true,,0,0,0,0,null,0,0,0
1591375500954,19487,localhost CPU,,,,,true,,0,0,0,0,null,0,0,0
1591375500954,0,localhost Disks I/O,,,,,true,,0,0,0,0,null,0,0,0
1591375501956,79695,localhost Memory,,,,,true,,0,0,0,0,null,0,0,0
1591375501956,16979,localhost CPU,,,,,true,,0,0,0,0,null,0,0,0
1591375501956,2000,localhost Disks I/O,,,,,true,,0,0,0,0,null,0,0,0
1591375502956,80790,localhost Memory,,,,,true,,0,0,0,0,null,0,0,0
1591375502966,49419,localhost CPU,,,,,true,,0,0,0,0,null,0,0,0
1591375502966,0,localhost Disks I/O,,,,,true,,0,0,0,0,null,0,0,0
1591375503967,80481,localhost Memory,,,,,true,,0,0,0,0,null,0,0,0
1591375503967,37064,localhost CPU,,,,,true,,0,0,0,0,null,0,0,0
1591375503967,0,localhost Disks I/O,,,,,true,,0,0,0,0,null,0,0,0
1591375504967,80277,localhost Memory,,,,,true,,0,0,0,0,null,0,0,0
1591375504967,15030,localhost CPU,,,,,true,,0,0,0,0,null,0,0,0
1591375504967,2000,localhost Disks I/O,,,,,true,,0,0,0,0,null,0,0,0
1591375505967,80223,localhost Memory,,,,,true,,0,0,0,0,null,0,0,0
1591375505967,26968,localhost CPU,,,,,true,,0,0,0,0,null,0,0,0
1591375505967,0,localhost Disks I/O,,,,,true,,0,0,0,0,null,0,0,0
1591375506968,80221,localhost Memory,,,,,true,,0,0,0,0,null,0,0,0
1591375506982,12500,localhost CPU,,,,,true,,0,0,0,0,null,0,0,0
1591375506982,0,localhost Disks I/O,,,,,true,,0,0,0,0,null,0,0,0
1591375507982,80019,localhost Memory,,,,,true,,0,0,0,0,null,0,0,0
1591375507993,15181,localhost CPU,,,,,true,,0,0,0,0,null,0,0,0
1591375507993,0,localhost Disks I/O,,,,,true,,0,0,0,0,null,0,0,0
1591375508994,79953,localhost Memory,,,,,true,,0,0,0,0,null,0,0,0
1591375509005,18610,localhost CPU,,,,,true,,0,0,0,0,null,0,0,0
1591375509005,0,localhost Disks I/O,,,,,true,,0,0,0,0,null,0,0,0
1591375510006,79952,localhost Memory,,,,,true,,0,0,0,0,null,0,0,0
1591375510016,14773,localhost CPU,,,,,true,,0,0,0,0,null,0,0,0
1591375510016,0,localhost Disks I/O,,,,,true,,0,0,0,0,null,0,0,0
1591375511016,79952,localhost Memory,,,,,true,,0,0,0,0,null,0,0,0
1591375511017,10485,localhost CPU,,,,,true,,0,0,0,0,null,0,0,0
1591375511017,0,localhost Disks I/O,,,,,true,,0,0,0,0,null,0,0,0
1591375512017,79951,localhost Memory,,,,,true,,0,0,0,0,null,0,0,0
1591375512017,42391,localhost CPU,,,,,true,,0,0,0,0,null,0,0,0
1591375512017,0,localhost Disks I/O,,,,,true,,0,0,0,0,null,0,0,0
1591375513018,79950,localhost Memory,,,,,true,,0,0,0,0,null,0,0,0
1591375513019,27749,localhost CPU,,,,,true,,0,0,0,0,null,0,0,0
1591375513019,0,localhost Disks I/O,,,,,true,,0,0,0,0,null,0,0,0
1591375514020,79949,localhost Memory,,,,,true,,0,0,0,0,null,0,0,0
1591375514021,14453,localhost CPU,,,,,true,,0,0,0,0,null,0,0,0
1591375514021,0,localhost Disks I/O,,,,,true,,0,0,0,0,null,0,0,0
1591375515021,79945,localhost Memory,,,,,true,,0,0,0,0,null,0,0,0
1591375515021,25158,localhost CPU,,,,,true,,0,0,0,0,null,0,0,0
1591375515021,0,localhost Disks I/O,,,,,true,,0,0,0,0,null,0,0,0
1591375516022,79945,localhost Memory,,,,,true,,0,0,0,0,null,0,0,0
1591375516023,19013,localhost CPU,,,,,true,,0,0,0,0,null,0,0,0
1591375516023,0,localhost Disks I/O,,,,,true,,0,0,0,0,null,0,0,0
1591375517024,79944,localhost Memory,,,,,true,,0,0,0,0,null,0,0,0
1591375517024,13602,localhost CPU,,,,,true,,0,0,0,0,null,0,0,0
1591375517024,0,localhost Disks I/O,,,,,true,,0,0,0,0,null,0,0,0
1591375518024,79947,localhost Memory,,,,,true,,0,0,0,0,null,0,0,0
1591375518024,26532,localhost CPU,,,,,true,,0,0,0,0,null,0,0,0
1591375518024,0,localhost Disks I/O,,,,,true,,0,0,0,0,null,0,0,0
1591375519024,79922,localhost Memory,,,,,true,,0,0,0,0,null,0,0,0
1591375519032,28492,localhost CPU,,,,,true,,0,0,0,0,null,0,0,0
1591375519032,0,localhost Disks I/O,,,,,true,,0,0,0,0,null,0,0,0
1591375520032,79174,localhost Memory,,,,,true,,0,0,0,0,null,0,0,0
1591375520032,39859,localhost CPU,,,,,true,,0,0,0,0,null,0,0,0
1591375520032,2000,localhost Disks I/O,,,,,true,,0,0,0,0,null,0,0,0
1591375521032,78174,localhost Memory,,,,,true,,0,0,0,0,null,0,0,0
1591375521033,22216,localhost CPU,,,,,true,,0,0,0,0,null,0,0,0
1591375521033,0,localhost Disks I/O,,,,,true,,0,0,0,0,null,0,0,0
1591375522034,78209,localhost Memory,,,,,true,,0,0,0,0,null,0,0,0
1591375522034,31158,localhost CPU,,,,,true,,0,0,0,0,null,0,0,0
1591375522034,0,localhost Disks I/O,,,,,true,,0,0,0,0,null,0,0,0
1591375523035,78235,localhost Memory,,,,,true,,0,0,0,0,null,0,0,0
1591375523042,14124,localhost CPU,,,,,true,,0,0,0,0,null,0,0,0
1591375523042,0,localhost Disks I/O,,,,,true,,0,0,0,0,null,0,0,0
1591375524042,78236,localhost Memory,,,,,true,,0,0,0,0,null,0,0,0
1591375524042,10067,localhost CPU,,,,,true,,0,0,0,0,null,0,0,0
1591375524042,0,localhost Disks I/O,,,,,true,,0,0,0,0,null,0,0,0
1591375525043,78248,localhost Memory,,,,,true,,0,0,0,0,null,0,0,0
1591375525051,27452,localhost CPU,,,,,true,,0,0,0,0,null,0,0,0
1591375525051,0,localhost Disks I/O,,,,,true,,0,0,0,0,null,0,0,0
1591375526052,78247,localhost Memory,,,,,true,,0,0,0,0,null,0,0,0
1591375526052,16892,localhost CPU,,,,,true,,0,0,0,0,null,0,0,0
1591375526052,0,localhost Disks I/O,,,,,true,,0,0,0,0,null,0,0,0
1591375527052,78229,localhost Memory,,,,,true,,0,0,0,0,null,0,0,0
1591375527052,6992,localhost CPU,,,,,true,,0,0,0,0,null,0,0,0
1591375527053,0,localhost Disks I/O,,,,,true,,0,0,0,0,null,0,0,0
1591375528054,78229,localhost Memory,,,,,true,,0,0,0,0,null,0,0,0
1591375528061,13656,localhost CPU,,,,,true,,0,0,0,0,null,0,0,0
1591375528061,0,localhost Disks I/O,,,,,true,,0,0,0,0,null,0,0,0
1591375529062,78229,localhost Memory,,,,,true,,0,0,0,0,null,0,0,0
1591375529062,31242,localhost CPU,,,,,true,,0,0,0,0,null,0,0,0
1591375529062,1000,localhost Disks I/O,,,,,true,,0,0,0,0,null,0,0,0
1591375530063,78229,localhost Memory,,,,,true,,0,0,0,0,null,0,0,0
1591375530063,15185,localhost CPU,,,,,true,,0,0,0,0,null,0,0,0
1591375530063,0,localhost Disks I/O,,,,,true,,0,0,0,0,null,0,0,0
1591375531063,78242,localhost Memory,,,,,true,,0,0,0,0,null,0,0,0
1591375531063,16654,localhost CPU,,,,,true,,0,0,0,0,null,0,0,0
1591375531063,0,localhost Disks I/O,,,,,true,,0,0,0,0,null,0,0,0
1591375532063,78242,localhost Memory,,,,,true,,0,0,0,0,null,0,0,0
1591375532063,16820,localhost CPU,,,,,true,,0,0,0,0,null,0,0,0
1591375532063,0,localhost Disks I/O,,,,,true,,0,0,0,0,null,0,0,0
1591375533064,78245,localhost Memory,,,,,true,,0,0,0,0,null,0,0,0
1591375533064,10947,localhost CPU,,,,,true,,0,0,0,0,null,0,0,0
1591375533064,0,localhost Disks I/O,,,,,true,,0,0,0,0,null,0,0,0
1591375534064,78321,localhost Memory,,,,,true,,0,0,0,0,null,0,0,0
1591375534064,26784,localhost CPU,,,,,true,,0,0,0,0,null,0,0,0
1591375534064,0,localhost Disks I/O,,,,,true,,0,0,0,0,null,0,0,0
1591375535065,78425,localhost Memory,,,,,true,,0,0,0,0,null,0,0,0
1591375535065,49224,localhost CPU,,,,,true,,0,0,0,0,null,0,0,0
1591375535065,0,localhost Disks I/O,,,,,true,,0,0,0,0,null,0,0,0
1591375536066,78434,localhost Memory,,,,,true,,0,0,0,0,null,0,0,0
1591375536067,39449,localhost CPU,,,,,true,,0,0,0,0,null,0,0,0
1591375536067,0,localhost Disks I/O,,,,,true,,0,0,0,0,null,0,0,0
1591375537068,78447,localhost Memory,,,,,true,,0,0,0,0,null,0,0,0
1591375537079,24237,localhost CPU,,,,,true,,0,0,0,0,null,0,0,0
1591375537079,0,localhost Disks I/O,,,,,true,,0,0,0,0,null,0,0,0
1591375538079,78458,localhost Memory,,,,,true,,0,0,0,0,null,0,0,0
1591375538079,24032,localhost CPU,,,,,true,,0,0,0,0,null,0,0,0
1591375538079,0,localhost Disks I/O,,,,,true,,0,0,0,0,null,0,0,0
1591375539080,78456,localhost Memory,,,,,true,,0,0,0,0,null,0,0,0
1591375539081,13733,localhost CPU,,,,,true,,0,0,0,0,null,0,0,0
1591375539081,0,localhost Disks I/O,,,,,true,,0,0,0,0,null,0,0,0
1591375540081,78444,localhost Memory,,,,,true,,0,0,0,0,null,0,0,0
1591375540081,20767,localhost CPU,,,,,true,,0,0,0,0,null,0,0,0
1591375540081,0,localhost Disks I/O,,,,,true,,0,0,0,0,null,0,0,0
1591375541081,78443,localhost Memory,,,,,true,,0,0,0,0,null,0,0,0
1591375541094,29183,localhost CPU,,,,,true,,0,0,0,0,null,0,0,0
1591375541095,0,localhost Disks I/O,,,,,true,,0,0,0,0,null,0,0,0
1591375542096,78516,localhost Memory,,,,,true,,0,0,0,0,null,0,0,0
1591375542096,30421,localhost CPU,,,,,true,,0,0,0,0,null,0,0,0
1591375542096,0,localhost Disks I/O,,,,,true,,0,0,0,0,null,0,0,0
1591375543096,78516,localhost Memory,,,,,true,,0,0,0,0,null,0,0,0
1591375543096,24894,localhost CPU,,,,,true,,0,0,0,0,null,0,0,0
1591375543096,0,localhost Disks I/O,,,,,true,,0,0,0,0,null,0,0,0
1591375544097,78506,localhost Memory,,,,,true,,0,0,0,0,null,0,0,0
1591375544097,21455,localhost CPU,,,,,true,,0,0,0,0,null,0,0,0
1591375544097,0,localhost Disks I/O,,,,,true,,0,0,0,0,null,0,0,0
1591375545097,78503,localhost Memory,,,,,true,,0,0,0,0,null,0,0,0
1591375545097,13540,localhost CPU,,,,,true,,0,0,0,0,null,0,0,0
1591375545097,0,localhost Disks I/O,,,,,true,,0,0,0,0,null,0,0,0
1591375546098,78502,localhost Memory,,,,,true,,0,0,0,0,null,0,0,0
1591375546098,25756,localhost CPU,,,,,true,,0,0,0,0,null,0,0,0
1591375546098,0,localhost Disks I/O,,,,,true,,0,0,0,0,null,0,0,0
1591375547098,78498,localhost Memory,,,,,true,,0,0,0,0,null,0,0,0
1591375547098,26095,localhost CPU,,,,,true,,0,0,0,0,null,0,0,0
1591375547098,0,localhost Disks I/O,,,,,true,,0,0,0,0,null,0,0,0
1591375548099,78497,localhost Memory,,,,,true,,0,0,0,0,null,0,0,0
1591375548099,10905,localhost CPU,,,,,true,,0,0,0,0,null,0,0,0
1591375548099,0,localhost Disks I/O,,,,,true,,0,0,0,0,null,0,0,0
1591375549099,78496,localhost Memory,,,,,true,,0,0,0,0,null,0,0,0
1591375549099,34000,localhost CPU,,,,,true,,0,0,0,0,null,0,0,0
1591375549099,0,localhost Disks I/O,,,,,true,,0,0,0,0,null,0,0,0
1591375550100,78498,localhost Memory,,,,,true,,0,0,0,0,null,0,0,0
1591375550100,33325,localhost CPU,,,,,true,,0,0,0,0,null,0,0,0
1591375550100,0,localhost Disks I/O,,,,,true,,0,0,0,0,null,0,0,0
1591375551100,78502,localhost Memory,,,,,true,,0,0,0,0,null,0,0,0
1591375551100,35128,localhost CPU,,,,,true,,0,0,0,0,null,0,0,0
1591375551100,0,localhost Disks I/O,,,,,true,,0,0,0,0,null,0,0,0
1591375552102,78502,localhost Memory,,,,,true,,0,0,0,0,null,0,0,0
1591375552103,24540,localhost CPU,,,,,true,,0,0,0,0,null,0,0,0
1591375552103,0,localhost Disks I/O,,,,,true,,0,0,0,0,null,0,0,0
1591375553104,78503,localhost Memory,,,,,true,,0,0,0,0,null,0,0,0
1591375553104,24186,localhost CPU,,,,,true,,0,0,0,0,null,0,0,0
1591375553104,0,localhost Disks I/O,,,,,true,,0,0,0,0,null,0,0,0
1591375554104,78501,localhost Memory,,,,,true,,0,0,0,0,null,0,0,0
1591375554104,35745,localhost CPU,,,,,true,,0,0,0,0,null,0,0,0
1591375554104,0,localhost Disks I/O,,,,,true,,0,0,0,0,null,0,0,0
1591375555104,78501,localhost Memory,,,,,true,,0,0,0,0,null,0,0,0
1591375555104,18375,localhost CPU,,,,,true,,0,0,0,0,null,0,0,0
1591375555104,0,localhost Disks I/O,,,,,true,,0,0,0,0,null,0,0,0
1591375556104,78502,localhost Memory,,,,,true,,0,0,0,0,null,0,0,0
1591375556105,25298,localhost CPU,,,,,true,,0,0,0,0,null,0,0,0
1591375556105,0,localhost Disks I/O,,,,,true,,0,0,0,0,null,0,0,0
1591375557106,78501,localhost Memory,,,,,true,,0,0,0,0,null,0,0,0
1591375557107,16931,localhost CPU,,,,,true,,0,0,0,0,null,0,0,0
1591375557107,0,localhost Disks I/O,,,,,true,,0,0,0,0,null,0,0,0
1591375558108,78495,localhost Memory,,,,,true,,0,0,0,0,null,0,0,0
1591375558108,26538,localhost CPU,,,,,true,,0,0,0,0,null,0,0,0
1591375558108,4000,localhost Disks I/O,,,,,true,,0,0,0,0,null,0,0,0
1591375559108,79074,localhost Memory,,,,,true,,0,0,0,0,null,0,0,0
1591375559108,52069,localhost CPU,,,,,true,,0,0,0,0,null,0,0,0
1591375559108,13000,localhost Disks I/O,,,,,true,,0,0,0,0,null,0,0,0
1591375560109,79661,localhost Memory,,,,,true,,0,0,0,0,null,0,0,0
1591375560109,47694,localhost CPU,,,,,true,,0,0,0,0,null,0,0,0
1591375560109,7000,localhost Disks I/O,,,,,true,,0,0,0,0,null,0,0,0
1591375561109,79713,localhost Memory,,,,,true,,0,0,0,0,null,0,0,0
1591375561110,46486,localhost CPU,,,,,true,,0,0,0,0,null,0,0,0
1591375561110,5000,localhost Disks I/O,,,,,true,,0,0,0,0,null,0,0,0
1591375562111,79742,localhost Memory,,,,,true,,0,0,0,0,null,0,0,0
1591375562111,30457,localhost CPU,,,,,true,,0,0,0,0,null,0,0,0
1591375562111,0,localhost Disks I/O,,,,,true,,0,0,0,0,null,0,0,0
1591375563111,80793,localhost Memory,,,,,true,,0,0,0,0,null,0,0,0
1591375563111,62084,localhost CPU,,,,,true,,0,0,0,0,null,0,0,0
1591375563111,4000,localhost Disks I/O,,,,,true,,0,0,0,0,null,0,0,0
1591375564112,80732,localhost Memory,,,,,true,,0,0,0,0,null,0,0,0
1591375564112,48461,localhost CPU,,,,,true,,0,0,0,0,null,0,0,0
1591375564112,2000,localhost Disks I/O,,,,,true,,0,0,0,0,null,0,0,0
1591375565112,80716,localhost Memory,,,,,true,,0,0,0,0,null,0,0,0
1591375565112,32719,localhost CPU,,,,,true,,0,0,0,0,null,0,0,0
1591375565112,3000,localhost Disks I/O,,,,,true,,0,0,0,0,null,0,0,0
1591375566113,80687,localhost Memory,,,,,true,,0,0,0,0,null,0,0,0
1591375566113,21080,localhost CPU,,,,,true,,0,0,0,0,null,0,0,0
1591375566113,2000,localhost Disks I/O,,,,,true,,0,0,0,0,null,0,0,0
1591375567113,80662,localhost Memory,,,,,true,,0,0,0,0,null,0,0,0
1591375567113,48630,localhost CPU,,,,,true,,0,0,0,0,null,0,0,0
1591375567113,3000,localhost Disks I/O,,,,,true,,0,0,0,0,null,0,0,0
1591375568113,80557,localhost Memory,,,,,true,,0,0,0,0,null,0,0,0
1591375568113,24887,localhost CPU,,,,,true,,0,0,0,0,null,0,0,0
1591375568113,1000,localhost Disks I/O,,,,,true,,0,0,0,0,null,0,0,0
1591375569113,80066,localhost Memory,,,,,true,,0,0,0,0,null,0,0,0
1591375569113,26593,localhost CPU,,,,,true,,0,0,0,0,null,0,0,0
1591375569113,0,localhost Disks I/O,,,,,true,,0,0,0,0,null,0,0,0
1591375570114,80066,localhost Memory,,,,,true,,0,0,0,0,null,0,0,0
1591375570114,29539,localhost CPU,,,,,true,,0,0,0,0,null,0,0,0
1591375570114,0,localhost Disks I/O,,,,,true,,0,0,0,0,null,0,0,0
1591375571115,80063,localhost Memory,,,,,true,,0,0,0,0,null,0,0,0
1591375571115,26352,localhost CPU,,,,,true,,0,0,0,0,null,0,0,0
1591375571115,0,localhost Disks I/O,,,,,true,,0,0,0,0,null,0,0,0
1591375572116,80066,localhost Memory,,,,,true,,0,0,0,0,null,0,0,0
1591375572116,17504,localhost CPU,,,,,true,,0,0,0,0,null,0,0,0
1591375572116,0,localhost Disks I/O,,,,,true,,0,0,0,0,null,0,0,0
1591375573116,80069,localhost Memory,,,,,true,,0,0,0,0,null,0,0,0
1591375573116,31667,localhost CPU,,,,,true,,0,0,0,0,null,0,0,0
1591375573116,0,localhost Disks I/O,,,,,true,,0,0,0,0,null,0,0,0
1591375574117,80076,localhost Memory,,,,,true,,0,0,0,0,null,0,0,0
1591375574117,31607,localhost CPU,,,,,true,,0,0,0,0,null,0,0,0
1591375574117,0,localhost Disks I/O,,,,,true,,0,0,0,0,null,0,0,0
1591375575117,80074,localhost Memory,,,,,true,,0,0,0,0,null,0,0,0
1591375575117,15838,localhost CPU,,,,,true,,0,0,0,0,null,0,0,0
1591375575118,0,localhost Disks I/O,,,,,true,,0,0,0,0,null,0,0,0
1591375576118,80076,localhost Memory,,,,,true,,0,0,0,0,null,0,0,0
1591375576118,30203,localhost CPU,,,,,true,,0,0,0,0,null,0,0,0
1591375576118,0,localhost Disks I/O,,,,,true,,0,0,0,0,null,0,0,0
1591375577119,80076,localhost Memory,,,,,true,,0,0,0,0,null,0,0,0
1591375577119,31381,localhost CPU,,,,,true,,0,0,0,0,null,0,0,0
1591375577119,0,localhost Disks I/O,,,,,true,,0,0,0,0,null,0,0,0
1591375578119,80080,localhost Memory,,,,,true,,0,0,0,0,null,0,0,0
1591375578119,19467,localhost CPU,,,,,true,,0,0,0,0,null,0,0,0
1591375578119,0,localhost Disks I/O,,,,,true,,0,0,0,0,null,0,0,0
1591375579120,80211,localhost Memory,,,,,true,,0,0,0,0,null,0,0,0
1591375579121,41800,localhost CPU,,,,,true,,0,0,0,0,null,0,0,0
1591375579121,0,localhost Disks I/O,,,,,true,,0,0,0,0,null,0,0,0
1591375580121,80207,localhost Memory,,,,,true,,0,0,0,0,null,0,0,0
1591375580122,28695,localhost CPU,,,,,true,,0,0,0,0,null,0,0,0
1591375580122,0,localhost Disks I/O,,,,,true,,0,0,0,0,null,0,0,0
1591375581123,80202,localhost Memory,,,,,true,,0,0,0,0,null,0,0,0
1591375581123,22625,localhost CPU,,,,,true,,0,0,0,0,null,0,0,0
1591375581123,0,localhost Disks I/O,,,,,true,,0,0,0,0,null,0,0,0
1591375582123,80206,localhost Memory,,,,,true,,0,0,0,0,null,0,0,0
1591375582123,32368,localhost CPU,,,,,true,,0,0,0,0,null,0,0,0
1591375582123,0,localhost Disks I/O,,,,,true,,0,0,0,0,null,0,0,0
1591375583124,80232,localhost Memory,,,,,true,,0,0,0,0,null,0,0,0
1591375583124,33446,localhost CPU,,,,,true,,0,0,0,0,null,0,0,0
1591375583124,0,localhost Disks I/O,,,,,true,,0,0,0,0,null,0,0,0
1591375584125,80231,localhost Memory,,,,,true,,0,0,0,0,null,0,0,0
1591375584125,24613,localhost CPU,,,,,true,,0,0,0,0,null,0,0,0
1591375584125,0,localhost Disks I/O,,,,,true,,0,0,0,0,null,0,0,0
1591375585134,80228,localhost Memory,,,,,true,,0,0,0,0,null,0,0,0
1591375585134,17907,localhost CPU,,,,,true,,0,0,0,0,null,0,0,0
1591375585134,0,localhost Disks I/O,,,,,true,,0,0,0,0,null,0,0,0
1591375586135,80225,localhost Memory,,,,,true,,0,0,0,0,null,0,0,0
1591375586136,49399,localhost CPU,,,,,true,,0,0,0,0,null,0,0,0
1591375586136,0,localhost Disks I/O,,,,,true,,0,0,0,0,null,0,0,0
1591375587136,80222,localhost Memory,,,,,true,,0,0,0,0,null,0,0,0
1591375587136,63423,localhost CPU,,,,,true,,0,0,0,0,null,0,0,0
1591375587136,0,localhost Disks I/O,,,,,true,,0,0,0,0,null,0,0,0
1591375588136,80224,localhost Memory,,,,,true,,0,0,0,0,null,0,0,0
1591375588136,41205,localhost CPU,,,,,true,,0,0,0,0,null,0,0,0
1591375588136,0,localhost Disks I/O,,,,,true,,0,0,0,0,null,0,0,0
1591375589137,80227,localhost Memory,,,,,true,,0,0,0,0,null,0,0,0
1591375589137,25323,localhost CPU,,,,,true,,0,0,0,0,null,0,0,0
1591375589137,0,localhost Disks I/O,,,,,true,,0,0,0,0,null,0,0,0
1591375590138,80221,localhost Memory,,,,,true,,0,0,0,0,null,0,0,0
1591375590138,26782,localhost CPU,,,,,true,,0,0,0,0,null,0,0,0
1591375590138,0,localhost Disks I/O,,,,,true,,0,0,0,0,null,0,0,0
1591375591139,80238,localhost Memory,,,,,true,,0,0,0,0,null,0,0,0
1591375591139,61915,localhost CPU,,,,,true,,0,0,0,0,null,0,0,0
1591375591139,0,localhost Disks I/O,,,,,true,,0,0,0,0,null,0,0,0
1591375592139,80236,localhost Memory,,,,,true,,0,0,0,0,null,0,0,0
1591375592139,25106,localhost CPU,,,,,true,,0,0,0,0,null,0,0,0
1591375592139,0,localhost Disks I/O,,,,,true,,0,0,0,0,null,0,0,0
1591375593140,80235,localhost Memory,,,,,true,,0,0,0,0,null,0,0,0
1591375593140,17878,localhost CPU,,,,,true,,0,0,0,0,null,0,0,0
1591375593141,0,localhost Disks I/O,,,,,true,,0,0,0,0,null,0,0,0
1591375594142,80233,localhost Memory,,,,,true,,0,0,0,0,null,0,0,0
1591375594152,23741,localhost CPU,,,,,true,,0,0,0,0,null,0,0,0
1591375594152,0,localhost Disks I/O,,,,,true,,0,0,0,0,null,0,0,0
