timeStamp,elapsed,label,responseCode,responseMessage,threadName,dataType,success,failureMessage,bytes,sentBytes,grpThreads,allThreads,URL,Latency,IdleTime,Connect
1591383908643,78915,localhost Memory,,,,,true,,0,0,0,0,null,0,0,0
1591383908646,9845,localhost CPU,,,,,true,,0,0,0,0,null,0,0,0
1591383908647,1000,localhost Disks I/O,,,,,true,,0,0,0,0,null,0,0,0
1591383909647,78913,localhost Memory,,,,,true,,0,0,0,0,null,0,0,0
1591383909648,2637,localhost CPU,,,,,true,,0,0,0,0,null,0,0,0
1591383909648,0,localhost Disks I/O,,,,,true,,0,0,0,0,null,0,0,0
1591383910649,78329,localhost Memory,,,,,true,,0,0,0,0,null,0,0,0
1591383910650,8086,localhost CPU,,,,,true,,0,0,0,0,null,0,0,0
1591383910650,0,localhost Disks I/O,,,,,true,,0,0,0,0,null,0,0,0
1591383911650,78326,localhost Memory,,,,,true,,0,0,0,0,null,0,0,0
1591383911650,3900,localhost CPU,,,,,true,,0,0,0,0,null,0,0,0
1591383911650,0,localhost Disks I/O,,,,,true,,0,0,0,0,null,0,0,0
1591383912651,78277,localhost Memory,,,,,true,,0,0,0,0,null,0,0,0
1591383912652,5875,localhost CPU,,,,,true,,0,0,0,0,null,0,0,0
1591383912652,0,localhost Disks I/O,,,,,true,,0,0,0,0,null,0,0,0
1591383913652,78273,localhost Memory,,,,,true,,0,0,0,0,null,0,0,0
1591383913653,4224,localhost CPU,,,,,true,,0,0,0,0,null,0,0,0
1591383913653,0,localhost Disks I/O,,,,,true,,0,0,0,0,null,0,0,0
1591383914653,78273,localhost Memory,,,,,true,,0,0,0,0,null,0,0,0
1591383914654,1168,localhost CPU,,,,,true,,0,0,0,0,null,0,0,0
1591383914654,0,localhost Disks I/O,,,,,true,,0,0,0,0,null,0,0,0
1591383915654,78273,localhost Memory,,,,,true,,0,0,0,0,null,0,0,0
1591383915654,1959,localhost CPU,,,,,true,,0,0,0,0,null,0,0,0
1591383915655,0,localhost Disks I/O,,,,,true,,0,0,0,0,null,0,0,0
1591383916657,78274,localhost Memory,,,,,true,,0,0,0,0,null,0,0,0
1591383916657,5782,localhost CPU,,,,,true,,0,0,0,0,null,0,0,0
1591383916657,0,localhost Disks I/O,,,,,true,,0,0,0,0,null,0,0,0
1591383917657,78272,localhost Memory,,,,,true,,0,0,0,0,null,0,0,0
1591383917658,10446,localhost CPU,,,,,true,,0,0,0,0,null,0,0,0
1591383917658,0,localhost Disks I/O,,,,,true,,0,0,0,0,null,0,0,0
1591383918658,78272,localhost Memory,,,,,true,,0,0,0,0,null,0,0,0
1591383918659,1550,localhost CPU,,,,,true,,0,0,0,0,null,0,0,0
1591383918659,2000,localhost Disks I/O,,,,,true,,0,0,0,0,null,0,0,0
1591383919660,78830,localhost Memory,,,,,true,,0,0,0,0,null,0,0,0
1591383919661,35424,localhost CPU,,,,,true,,0,0,0,0,null,0,0,0
1591383919661,0,localhost Disks I/O,,,,,true,,0,0,0,0,null,0,0,0
1591383920661,78829,localhost Memory,,,,,true,,0,0,0,0,null,0,0,0
1591383920663,21099,localhost CPU,,,,,true,,0,0,0,0,null,0,0,0
1591383920663,0,localhost Disks I/O,,,,,true,,0,0,0,0,null,0,0,0
1591383921671,79091,localhost Memory,,,,,true,,0,0,0,0,null,0,0,0
1591383921672,20000,localhost CPU,,,,,true,,0,0,0,0,null,0,0,0
1591383921672,0,localhost Disks I/O,,,,,true,,0,0,0,0,null,0,0,0
1591383922673,79037,localhost Memory,,,,,true,,0,0,0,0,null,0,0,0
1591383922674,778,localhost CPU,,,,,true,,0,0,0,0,null,0,0,0
1591383922674,0,localhost Disks I/O,,,,,true,,0,0,0,0,null,0,0,0
1591383923674,79032,localhost Memory,,,,,true,,0,0,0,0,null,0,0,0
1591383923675,790,localhost CPU,,,,,true,,0,0,0,0,null,0,0,0
1591383923675,0,localhost Disks I/O,,,,,true,,0,0,0,0,null,0,0,0
1591383924676,78984,localhost Memory,,,,,true,,0,0,0,0,null,0,0,0
1591383924677,3100,localhost CPU,,,,,true,,0,0,0,0,null,0,0,0
1591383924677,0,localhost Disks I/O,,,,,true,,0,0,0,0,null,0,0,0
1591383925678,78921,localhost Memory,,,,,true,,0,0,0,0,null,0,0,0
1591383925679,1587,localhost CPU,,,,,true,,0,0,0,0,null,0,0,0
1591383925679,0,localhost Disks I/O,,,,,true,,0,0,0,0,null,0,0,0
1591383926679,78903,localhost Memory,,,,,true,,0,0,0,0,null,0,0,0
1591383926679,2307,localhost CPU,,,,,true,,0,0,0,0,null,0,0,0
1591383926680,0,localhost Disks I/O,,,,,true,,0,0,0,0,null,0,0,0
1591383927681,78872,localhost Memory,,,,,true,,0,0,0,0,null,0,0,0
1591383927681,1179,localhost CPU,,,,,true,,0,0,0,0,null,0,0,0
1591383927682,0,localhost Disks I/O,,,,,true,,0,0,0,0,null,0,0,0
1591383928682,78844,localhost Memory,,,,,true,,0,0,0,0,null,0,0,0
1591383928682,1170,localhost CPU,,,,,true,,0,0,0,0,null,0,0,0
1591383928682,0,localhost Disks I/O,,,,,true,,0,0,0,0,null,0,0,0
1591383929683,78838,localhost Memory,,,,,true,,0,0,0,0,null,0,0,0
1591383929683,771,localhost CPU,,,,,true,,0,0,0,0,null,0,0,0
1591383929683,0,localhost Disks I/O,,,,,true,,0,0,0,0,null,0,0,0
1591383930685,78836,localhost Memory,,,,,true,,0,0,0,0,null,0,0,0
1591383930685,7448,localhost CPU,,,,,true,,0,0,0,0,null,0,0,0
1591383930685,0,localhost Disks I/O,,,,,true,,0,0,0,0,null,0,0,0
1591383931686,78834,localhost Memory,,,,,true,,0,0,0,0,null,0,0,0
1591383931686,398,localhost CPU,,,,,true,,0,0,0,0,null,0,0,0
1591383931686,0,localhost Disks I/O,,,,,true,,0,0,0,0,null,0,0,0
1591383932686,78795,localhost Memory,,,,,true,,0,0,0,0,null,0,0,0
1591383932686,2689,localhost CPU,,,,,true,,0,0,0,0,null,0,0,0
1591383932686,0,localhost Disks I/O,,,,,true,,0,0,0,0,null,0,0,0
1591383933687,78769,localhost Memory,,,,,true,,0,0,0,0,null,0,0,0
1591383933687,2750,localhost CPU,,,,,true,,0,0,0,0,null,0,0,0
1591383933687,0,localhost Disks I/O,,,,,true,,0,0,0,0,null,0,0,0
1591383934687,78688,localhost Memory,,,,,true,,0,0,0,0,null,0,0,0
1591383934687,8264,localhost CPU,,,,,true,,0,0,0,0,null,0,0,0
1591383934691,0,localhost Disks I/O,,,,,true,,0,0,0,0,null,0,0,0
1591383935692,78640,localhost Memory,,,,,true,,0,0,0,0,null,0,0,0
1591383935692,3539,localhost CPU,,,,,true,,0,0,0,0,null,0,0,0
1591383935693,0,localhost Disks I/O,,,,,true,,0,0,0,0,null,0,0,0
1591383936693,76652,localhost Memory,,,,,true,,0,0,0,0,null,0,0,0
1591383936693,51130,localhost CPU,,,,,true,,0,0,0,0,null,0,0,0
1591383936693,0,localhost Disks I/O,,,,,true,,0,0,0,0,null,0,0,0
1591383937694,75676,localhost Memory,,,,,true,,0,0,0,0,null,0,0,0
1591383937696,47625,localhost CPU,,,,,true,,0,0,0,0,null,0,0,0
1591383937697,1000,localhost Disks I/O,,,,,true,,0,0,0,0,null,0,0,0
1591383938697,75675,localhost Memory,,,,,true,,0,0,0,0,null,0,0,0
1591383938697,1918,localhost CPU,,,,,true,,0,0,0,0,null,0,0,0
1591383938697,0,localhost Disks I/O,,,,,true,,0,0,0,0,null,0,0,0
1591383939697,75677,localhost Memory,,,,,true,,0,0,0,0,null,0,0,0
1591383939697,1550,localhost CPU,,,,,true,,0,0,0,0,null,0,0,0
1591383939697,0,localhost Disks I/O,,,,,true,,0,0,0,0,null,0,0,0
1591383940698,75677,localhost Memory,,,,,true,,0,0,0,0,null,0,0,0
1591383940699,5805,localhost CPU,,,,,true,,0,0,0,0,null,0,0,0
1591383940699,0,localhost Disks I/O,,,,,true,,0,0,0,0,null,0,0,0
1591383941700,75846,localhost Memory,,,,,true,,0,0,0,0,null,0,0,0
1591383941701,12816,localhost CPU,,,,,true,,0,0,0,0,null,0,0,0
1591383941701,0,localhost Disks I/O,,,,,true,,0,0,0,0,null,0,0,0
1591383942702,76305,localhost Memory,,,,,true,,0,0,0,0,null,0,0,0
1591383942703,33958,localhost CPU,,,,,true,,0,0,0,0,null,0,0,0
1591383942703,0,localhost Disks I/O,,,,,true,,0,0,0,0,null,0,0,0
1591383943704,76293,localhost Memory,,,,,true,,0,0,0,0,null,0,0,0
1591383943705,18213,localhost CPU,,,,,true,,0,0,0,0,null,0,0,0
1591383943705,0,localhost Disks I/O,,,,,true,,0,0,0,0,null,0,0,0
1591383944705,76899,localhost Memory,,,,,true,,0,0,0,0,null,0,0,0
1591383944705,75217,localhost CPU,,,,,true,,0,0,0,0,null,0,0,0
1591383944705,0,localhost Disks I/O,,,,,true,,0,0,0,0,null,0,0,0
1591383945706,76887,localhost Memory,,,,,true,,0,0,0,0,null,0,0,0
1591383945707,64701,localhost CPU,,,,,true,,0,0,0,0,null,0,0,0
1591383945707,0,localhost Disks I/O,,,,,true,,0,0,0,0,null,0,0,0
1591383946709,76879,localhost Memory,,,,,true,,0,0,0,0,null,0,0,0
1591383946710,29492,localhost CPU,,,,,true,,0,0,0,0,null,0,0,0
1591383946710,1000,localhost Disks I/O,,,,,true,,0,0,0,0,null,0,0,0
1591383947710,76958,localhost Memory,,,,,true,,0,0,0,0,null,0,0,0
1591383947710,42571,localhost CPU,,,,,true,,0,0,0,0,null,0,0,0
1591383947710,2000,localhost Disks I/O,,,,,true,,0,0,0,0,null,0,0,0
1591383948711,77043,localhost Memory,,,,,true,,0,0,0,0,null,0,0,0
1591383948712,19226,localhost CPU,,,,,true,,0,0,0,0,null,0,0,0
1591383948712,0,localhost Disks I/O,,,,,true,,0,0,0,0,null,0,0,0
1591383949712,77039,localhost Memory,,,,,true,,0,0,0,0,null,0,0,0
1591383949713,41249,localhost CPU,,,,,true,,0,0,0,0,null,0,0,0
1591383949713,0,localhost Disks I/O,,,,,true,,0,0,0,0,null,0,0,0
1591383950714,77037,localhost Memory,,,,,true,,0,0,0,0,null,0,0,0
1591383950720,45362,localhost CPU,,,,,true,,0,0,0,0,null,0,0,0
1591383950720,0,localhost Disks I/O,,,,,true,,0,0,0,0,null,0,0,0
1591383951721,77014,localhost Memory,,,,,true,,0,0,0,0,null,0,0,0
1591383951722,27621,localhost CPU,,,,,true,,0,0,0,0,null,0,0,0
1591383951722,0,localhost Disks I/O,,,,,true,,0,0,0,0,null,0,0,0
1591383952722,77013,localhost Memory,,,,,true,,0,0,0,0,null,0,0,0
1591383952723,12382,localhost CPU,,,,,true,,0,0,0,0,null,0,0,0
1591383952723,0,localhost Disks I/O,,,,,true,,0,0,0,0,null,0,0,0
1591383953724,76996,localhost Memory,,,,,true,,0,0,0,0,null,0,0,0
1591383953724,22372,localhost CPU,,,,,true,,0,0,0,0,null,0,0,0
1591383953724,0,localhost Disks I/O,,,,,true,,0,0,0,0,null,0,0,0
1591383954724,77176,localhost Memory,,,,,true,,0,0,0,0,null,0,0,0
1591383954724,51948,localhost CPU,,,,,true,,0,0,0,0,null,0,0,0
1591383954724,0,localhost Disks I/O,,,,,true,,0,0,0,0,null,0,0,0
1591383955725,77172,localhost Memory,,,,,true,,0,0,0,0,null,0,0,0
1591383955726,18580,localhost CPU,,,,,true,,0,0,0,0,null,0,0,0
1591383955726,0,localhost Disks I/O,,,,,true,,0,0,0,0,null,0,0,0
1591383956733,77168,localhost Memory,,,,,true,,0,0,0,0,null,0,0,0
1591383956733,9448,localhost CPU,,,,,true,,0,0,0,0,null,0,0,0
1591383956734,0,localhost Disks I/O,,,,,true,,0,0,0,0,null,0,0,0
1591383957735,77585,localhost Memory,,,,,true,,0,0,0,0,null,0,0,0
1591383957735,38764,localhost CPU,,,,,true,,0,0,0,0,null,0,0,0
1591383957735,0,localhost Disks I/O,,,,,true,,0,0,0,0,null,0,0,0
1591383958735,77547,localhost Memory,,,,,true,,0,0,0,0,null,0,0,0
1591383958736,4333,localhost CPU,,,,,true,,0,0,0,0,null,0,0,0
1591383958736,0,localhost Disks I/O,,,,,true,,0,0,0,0,null,0,0,0
1591383959737,77535,localhost Memory,,,,,true,,0,0,0,0,null,0,0,0
1591383959738,31527,localhost CPU,,,,,true,,0,0,0,0,null,0,0,0
1591383959738,0,localhost Disks I/O,,,,,true,,0,0,0,0,null,0,0,0
1591383960741,78362,localhost Memory,,,,,true,,0,0,0,0,null,0,0,0
1591383960742,47685,localhost CPU,,,,,true,,0,0,0,0,null,0,0,0
1591383960742,1000,localhost Disks I/O,,,,,true,,0,0,0,0,null,0,0,0
1591383961744,78545,localhost Memory,,,,,true,,0,0,0,0,null,0,0,0
1591383961745,50768,localhost CPU,,,,,true,,0,0,0,0,null,0,0,0
1591383961745,2000,localhost Disks I/O,,,,,true,,0,0,0,0,null,0,0,0
1591383962745,78511,localhost Memory,,,,,true,,0,0,0,0,null,0,0,0
1591383962745,2369,localhost CPU,,,,,true,,0,0,0,0,null,0,0,0
1591383962745,3000,localhost Disks I/O,,,,,true,,0,0,0,0,null,0,0,0
1591383963746,78381,localhost Memory,,,,,true,,0,0,0,0,null,0,0,0
1591383963746,4274,localhost CPU,,,,,true,,0,0,0,0,null,0,0,0
1591383963746,2000,localhost Disks I/O,,,,,true,,0,0,0,0,null,0,0,0
1591383964747,78291,localhost Memory,,,,,true,,0,0,0,0,null,0,0,0
1591383964747,3449,localhost CPU,,,,,true,,0,0,0,0,null,0,0,0
1591383964747,0,localhost Disks I/O,,,,,true,,0,0,0,0,null,0,0,0
1591383965747,78042,localhost Memory,,,,,true,,0,0,0,0,null,0,0,0
1591383965747,2784,localhost CPU,,,,,true,,0,0,0,0,null,0,0,0
1591383965747,0,localhost Disks I/O,,,,,true,,0,0,0,0,null,0,0,0
1591383966762,78031,localhost Memory,,,,,true,,0,0,0,0,null,0,0,0
1591383966763,3136,localhost CPU,,,,,true,,0,0,0,0,null,0,0,0
1591383966763,0,localhost Disks I/O,,,,,true,,0,0,0,0,null,0,0,0
1591383967763,78047,localhost Memory,,,,,true,,0,0,0,0,null,0,0,0
1591383967764,37830,localhost CPU,,,,,true,,0,0,0,0,null,0,0,0
1591383967764,1000,localhost Disks I/O,,,,,true,,0,0,0,0,null,0,0,0
1591383968765,78090,localhost Memory,,,,,true,,0,0,0,0,null,0,0,0
1591383968765,11725,localhost CPU,,,,,true,,0,0,0,0,null,0,0,0
1591383968765,1000,localhost Disks I/O,,,,,true,,0,0,0,0,null,0,0,0
1591383969766,78259,localhost Memory,,,,,true,,0,0,0,0,null,0,0,0
1591383969766,21875,localhost CPU,,,,,true,,0,0,0,0,null,0,0,0
1591383969766,1000,localhost Disks I/O,,,,,true,,0,0,0,0,null,0,0,0
1591383970766,78470,localhost Memory,,,,,true,,0,0,0,0,null,0,0,0
1591383970766,24429,localhost CPU,,,,,true,,0,0,0,0,null,0,0,0
1591383970766,1000,localhost Disks I/O,,,,,true,,0,0,0,0,null,0,0,0
1591383971766,78471,localhost Memory,,,,,true,,0,0,0,0,null,0,0,0
1591383971767,37624,localhost CPU,,,,,true,,0,0,0,0,null,0,0,0
1591383971767,1000,localhost Disks I/O,,,,,true,,0,0,0,0,null,0,0,0
1591383972767,78426,localhost Memory,,,,,true,,0,0,0,0,null,0,0,0
1591383972767,6705,localhost CPU,,,,,true,,0,0,0,0,null,0,0,0
1591383972767,0,localhost Disks I/O,,,,,true,,0,0,0,0,null,0,0,0
1591383973768,78249,localhost Memory,,,,,true,,0,0,0,0,null,0,0,0
1591383973768,3087,localhost CPU,,,,,true,,0,0,0,0,null,0,0,0
1591383973768,0,localhost Disks I/O,,,,,true,,0,0,0,0,null,0,0,0
1591383974768,78249,localhost Memory,,,,,true,,0,0,0,0,null,0,0,0
1591383974768,3174,localhost CPU,,,,,true,,0,0,0,0,null,0,0,0
1591383974768,0,localhost Disks I/O,,,,,true,,0,0,0,0,null,0,0,0
1591383975769,78248,localhost Memory,,,,,true,,0,0,0,0,null,0,0,0
1591383975769,16043,localhost CPU,,,,,true,,0,0,0,0,null,0,0,0
1591383975769,0,localhost Disks I/O,,,,,true,,0,0,0,0,null,0,0,0
1591383976769,78248,localhost Memory,,,,,true,,0,0,0,0,null,0,0,0
1591383976769,1170,localhost CPU,,,,,true,,0,0,0,0,null,0,0,0
1591383976769,0,localhost Disks I/O,,,,,true,,0,0,0,0,null,0,0,0
1591383977769,78234,localhost Memory,,,,,true,,0,0,0,0,null,0,0,0
1591383977769,3535,localhost CPU,,,,,true,,0,0,0,0,null,0,0,0
1591383977769,0,localhost Disks I/O,,,,,true,,0,0,0,0,null,0,0,0
1591383978770,78725,localhost Memory,,,,,true,,0,0,0,0,null,0,0,0
1591383978770,32299,localhost CPU,,,,,true,,0,0,0,0,null,0,0,0
1591383978770,0,localhost Disks I/O,,,,,true,,0,0,0,0,null,0,0,0
1591383979771,78708,localhost Memory,,,,,true,,0,0,0,0,null,0,0,0
1591383979771,7800,localhost CPU,,,,,true,,0,0,0,0,null,0,0,0
1591383979771,1000,localhost Disks I/O,,,,,true,,0,0,0,0,null,0,0,0
1591383980772,78547,localhost Memory,,,,,true,,0,0,0,0,null,0,0,0
1591383980772,43626,localhost CPU,,,,,true,,0,0,0,0,null,0,0,0
1591383980772,2000,localhost Disks I/O,,,,,true,,0,0,0,0,null,0,0,0
1591383981772,78511,localhost Memory,,,,,true,,0,0,0,0,null,0,0,0
1591383981772,28193,localhost CPU,,,,,true,,0,0,0,0,null,0,0,0
1591383981772,2000,localhost Disks I/O,,,,,true,,0,0,0,0,null,0,0,0
1591383982774,78493,localhost Memory,,,,,true,,0,0,0,0,null,0,0,0
1591383982778,16999,localhost CPU,,,,,true,,0,0,0,0,null,0,0,0
1591383982779,0,localhost Disks I/O,,,,,true,,0,0,0,0,null,0,0,0
1591383983779,78519,localhost Memory,,,,,true,,0,0,0,0,null,0,0,0
1591383983779,13890,localhost CPU,,,,,true,,0,0,0,0,null,0,0,0
1591383983779,0,localhost Disks I/O,,,,,true,,0,0,0,0,null,0,0,0
1591383984779,78511,localhost Memory,,,,,true,,0,0,0,0,null,0,0,0
1591383984779,15725,localhost CPU,,,,,true,,0,0,0,0,null,0,0,0
1591383984780,0,localhost Disks I/O,,,,,true,,0,0,0,0,null,0,0,0
1591383985780,79021,localhost Memory,,,,,true,,0,0,0,0,null,0,0,0
1591383985781,28082,localhost CPU,,,,,true,,0,0,0,0,null,0,0,0
1591383985781,0,localhost Disks I/O,,,,,true,,0,0,0,0,null,0,0,0
1591383986782,78858,localhost Memory,,,,,true,,0,0,0,0,null,0,0,0
1591383986783,4676,localhost CPU,,,,,true,,0,0,0,0,null,0,0,0
1591383986783,0,localhost Disks I/O,,,,,true,,0,0,0,0,null,0,0,0
1591383987785,78437,localhost Memory,,,,,true,,0,0,0,0,null,0,0,0
1591383987786,20966,localhost CPU,,,,,true,,0,0,0,0,null,0,0,0
1591383987786,0,localhost Disks I/O,,,,,true,,0,0,0,0,null,0,0,0
1591383988786,78428,localhost Memory,,,,,true,,0,0,0,0,null,0,0,0
1591383988786,3064,localhost CPU,,,,,true,,0,0,0,0,null,0,0,0
1591383988786,0,localhost Disks I/O,,,,,true,,0,0,0,0,null,0,0,0
1591383989787,78366,localhost Memory,,,,,true,,0,0,0,0,null,0,0,0
1591383989788,7793,localhost CPU,,,,,true,,0,0,0,0,null,0,0,0
1591383989788,0,localhost Disks I/O,,,,,true,,0,0,0,0,null,0,0,0
1591383990788,78352,localhost Memory,,,,,true,,0,0,0,0,null,0,0,0
1591383990788,9093,localhost CPU,,,,,true,,0,0,0,0,null,0,0,0
1591383990789,0,localhost Disks I/O,,,,,true,,0,0,0,0,null,0,0,0
1591383991790,78124,localhost Memory,,,,,true,,0,0,0,0,null,0,0,0
1591383991790,10071,localhost CPU,,,,,true,,0,0,0,0,null,0,0,0
1591383991790,0,localhost Disks I/O,,,,,true,,0,0,0,0,null,0,0,0
1591383992791,77863,localhost Memory,,,,,true,,0,0,0,0,null,0,0,0
1591383992791,400,localhost CPU,,,,,true,,0,0,0,0,null,0,0,0
1591383992791,0,localhost Disks I/O,,,,,true,,0,0,0,0,null,0,0,0
1591383993793,77842,localhost Memory,,,,,true,,0,0,0,0,null,0,0,0
1591383993793,9375,localhost CPU,,,,,true,,0,0,0,0,null,0,0,0
1591383993793,0,localhost Disks I/O,,,,,true,,0,0,0,0,null,0,0,0
1591383994793,77829,localhost Memory,,,,,true,,0,0,0,0,null,0,0,0
1591383994795,3484,localhost CPU,,,,,true,,0,0,0,0,null,0,0,0
1591383994795,0,localhost Disks I/O,,,,,true,,0,0,0,0,null,0,0,0
1591383995797,77743,localhost Memory,,,,,true,,0,0,0,0,null,0,0,0
1591383995797,3497,localhost CPU,,,,,true,,0,0,0,0,null,0,0,0
1591383995797,0,localhost Disks I/O,,,,,true,,0,0,0,0,null,0,0,0
1591383996797,77726,localhost Memory,,,,,true,,0,0,0,0,null,0,0,0
1591383996797,1149,localhost CPU,,,,,true,,0,0,0,0,null,0,0,0
1591383996797,0,localhost Disks I/O,,,,,true,,0,0,0,0,null,0,0,0
1591383997798,77717,localhost Memory,,,,,true,,0,0,0,0,null,0,0,0
1591383997798,14635,localhost CPU,,,,,true,,0,0,0,0,null,0,0,0
1591383997798,0,localhost Disks I/O,,,,,true,,0,0,0,0,null,0,0,0
1591383998798,77718,localhost Memory,,,,,true,,0,0,0,0,null,0,0,0
1591383998798,1982,localhost CPU,,,,,true,,0,0,0,0,null,0,0,0
1591383998798,0,localhost Disks I/O,,,,,true,,0,0,0,0,null,0,0,0
1591383999798,77717,localhost Memory,,,,,true,,0,0,0,0,null,0,0,0
1591383999798,1580,localhost CPU,,,,,true,,0,0,0,0,null,0,0,0
1591383999798,0,localhost Disks I/O,,,,,true,,0,0,0,0,null,0,0,0
1591384000798,77716,localhost Memory,,,,,true,,0,0,0,0,null,0,0,0
1591384000798,400,localhost CPU,,,,,true,,0,0,0,0,null,0,0,0
1591384000798,0,localhost Disks I/O,,,,,true,,0,0,0,0,null,0,0,0
1591384001798,77712,localhost Memory,,,,,true,,0,0,0,0,null,0,0,0
1591384001798,4580,localhost CPU,,,,,true,,0,0,0,0,null,0,0,0
1591384001798,0,localhost Disks I/O,,,,,true,,0,0,0,0,null,0,0,0
1591384002799,77711,localhost Memory,,,,,true,,0,0,0,0,null,0,0,0
1591384002799,4680,localhost CPU,,,,,true,,0,0,0,0,null,0,0,0
1591384002799,0,localhost Disks I/O,,,,,true,,0,0,0,0,null,0,0,0
1591384003799,77905,localhost Memory,,,,,true,,0,0,0,0,null,0,0,0
1591384003799,6625,localhost CPU,,,,,true,,0,0,0,0,null,0,0,0
1591384003799,0,localhost Disks I/O,,,,,true,,0,0,0,0,null,0,0,0
1591384004799,77904,localhost Memory,,,,,true,,0,0,0,0,null,0,0,0
1591384004799,376,localhost CPU,,,,,true,,0,0,0,0,null,0,0,0
1591384004799,0,localhost Disks I/O,,,,,true,,0,0,0,0,null,0,0,0
1591384005799,77873,localhost Memory,,,,,true,,0,0,0,0,null,0,0,0
1591384005799,1574,localhost CPU,,,,,true,,0,0,0,0,null,0,0,0
1591384005799,0,localhost Disks I/O,,,,,true,,0,0,0,0,null,0,0,0
1591384006800,77736,localhost Memory,,,,,true,,0,0,0,0,null,0,0,0
1591384006800,20244,localhost CPU,,,,,true,,0,0,0,0,null,0,0,0
1591384006800,0,localhost Disks I/O,,,,,true,,0,0,0,0,null,0,0,0
1591384007801,77713,localhost Memory,,,,,true,,0,0,0,0,null,0,0,0
1591384007801,19150,localhost CPU,,,,,true,,0,0,0,0,null,0,0,0
1591384007801,0,localhost Disks I/O,,,,,true,,0,0,0,0,null,0,0,0
1591384008801,77790,localhost Memory,,,,,true,,0,0,0,0,null,0,0,0
1591384008801,37733,localhost CPU,,,,,true,,0,0,0,0,null,0,0,0
1591384008801,0,localhost Disks I/O,,,,,true,,0,0,0,0,null,0,0,0
1591384009801,77762,localhost Memory,,,,,true,,0,0,0,0,null,0,0,0
1591384009801,19146,localhost CPU,,,,,true,,0,0,0,0,null,0,0,0
1591384009801,0,localhost Disks I/O,,,,,true,,0,0,0,0,null,0,0,0
1591384010801,77759,localhost Memory,,,,,true,,0,0,0,0,null,0,0,0
1591384010801,13678,localhost CPU,,,,,true,,0,0,0,0,null,0,0,0
1591384010801,0,localhost Disks I/O,,,,,true,,0,0,0,0,null,0,0,0
1591384011801,77760,localhost Memory,,,,,true,,0,0,0,0,null,0,0,0
1591384011803,15704,localhost CPU,,,,,true,,0,0,0,0,null,0,0,0
1591384011803,0,localhost Disks I/O,,,,,true,,0,0,0,0,null,0,0,0
1591384012804,77759,localhost Memory,,,,,true,,0,0,0,0,null,0,0,0
1591384012804,775,localhost CPU,,,,,true,,0,0,0,0,null,0,0,0
1591384012804,0,localhost Disks I/O,,,,,true,,0,0,0,0,null,0,0,0
1591384013804,77755,localhost Memory,,,,,true,,0,0,0,0,null,0,0,0
1591384013804,1180,localhost CPU,,,,,true,,0,0,0,0,null,0,0,0
1591384013804,0,localhost Disks I/O,,,,,true,,0,0,0,0,null,0,0,0
1591384014805,77752,localhost Memory,,,,,true,,0,0,0,0,null,0,0,0
1591384014806,1580,localhost CPU,,,,,true,,0,0,0,0,null,0,0,0
1591384014806,0,localhost Disks I/O,,,,,true,,0,0,0,0,null,0,0,0
1591384015807,77757,localhost Memory,,,,,true,,0,0,0,0,null,0,0,0
1591384015807,19616,localhost CPU,,,,,true,,0,0,0,0,null,0,0,0
1591384015807,0,localhost Disks I/O,,,,,true,,0,0,0,0,null,0,0,0
1591384016810,78512,localhost Memory,,,,,true,,0,0,0,0,null,0,0,0
1591384016811,37949,localhost CPU,,,,,true,,0,0,0,0,null,0,0,0
1591384016811,0,localhost Disks I/O,,,,,true,,0,0,0,0,null,0,0,0
1591384017814,78428,localhost Memory,,,,,true,,0,0,0,0,null,0,0,0
1591384017814,29099,localhost CPU,,,,,true,,0,0,0,0,null,0,0,0
1591384017814,0,localhost Disks I/O,,,,,true,,0,0,0,0,null,0,0,0
1591384018814,78597,localhost Memory,,,,,true,,0,0,0,0,null,0,0,0
1591384018814,29485,localhost CPU,,,,,true,,0,0,0,0,null,0,0,0
1591384018814,3000,localhost Disks I/O,,,,,true,,0,0,0,0,null,0,0,0
1591384019815,78569,localhost Memory,,,,,true,,0,0,0,0,null,0,0,0
1591384019818,4307,localhost CPU,,,,,true,,0,0,0,0,null,0,0,0
1591384019818,2000,localhost Disks I/O,,,,,true,,0,0,0,0,null,0,0,0
1591384020818,79171,localhost Memory,,,,,true,,0,0,0,0,null,0,0,0
1591384020818,20540,localhost CPU,,,,,true,,0,0,0,0,null,0,0,0
1591384020818,2000,localhost Disks I/O,,,,,true,,0,0,0,0,null,0,0,0
1591384021818,78732,localhost Memory,,,,,true,,0,0,0,0,null,0,0,0
1591384021818,13631,localhost CPU,,,,,true,,0,0,0,0,null,0,0,0
1591384021818,2000,localhost Disks I/O,,,,,true,,0,0,0,0,null,0,0,0
1591384022819,78655,localhost Memory,,,,,true,,0,0,0,0,null,0,0,0
1591384022819,3112,localhost CPU,,,,,true,,0,0,0,0,null,0,0,0
1591384022819,1000,localhost Disks I/O,,,,,true,,0,0,0,0,null,0,0,0
1591384023819,78612,localhost Memory,,,,,true,,0,0,0,0,null,0,0,0
1591384023819,2774,localhost CPU,,,,,true,,0,0,0,0,null,0,0,0
1591384023819,3000,localhost Disks I/O,,,,,true,,0,0,0,0,null,0,0,0
1591384024820,78543,localhost Memory,,,,,true,,0,0,0,0,null,0,0,0
1591384024821,2325,localhost CPU,,,,,true,,0,0,0,0,null,0,0,0
1591384024821,3000,localhost Disks I/O,,,,,true,,0,0,0,0,null,0,0,0
1591384025821,78340,localhost Memory,,,,,true,,0,0,0,0,null,0,0,0
1591384025821,3524,localhost CPU,,,,,true,,0,0,0,0,null,0,0,0
1591384025821,3000,localhost Disks I/O,,,,,true,,0,0,0,0,null,0,0,0
1591384026822,78849,localhost Memory,,,,,true,,0,0,0,0,null,0,0,0
1591384026823,8446,localhost CPU,,,,,true,,0,0,0,0,null,0,0,0
1591384026823,3000,localhost Disks I/O,,,,,true,,0,0,0,0,null,0,0,0
1591384027823,78975,localhost Memory,,,,,true,,0,0,0,0,null,0,0,0
1591384027823,14092,localhost CPU,,,,,true,,0,0,0,0,null,0,0,0
1591384027823,4000,localhost Disks I/O,,,,,true,,0,0,0,0,null,0,0,0
1591384028824,78934,localhost Memory,,,,,true,,0,0,0,0,null,0,0,0
1591384028825,14714,localhost CPU,,,,,true,,0,0,0,0,null,0,0,0
1591384028825,4000,localhost Disks I/O,,,,,true,,0,0,0,0,null,0,0,0
1591384029825,78882,localhost Memory,,,,,true,,0,0,0,0,null,0,0,0
1591384029825,17832,localhost CPU,,,,,true,,0,0,0,0,null,0,0,0
1591384029825,3000,localhost Disks I/O,,,,,true,,0,0,0,0,null,0,0,0
1591384030826,78986,localhost Memory,,,,,true,,0,0,0,0,null,0,0,0
1591384030827,10884,localhost CPU,,,,,true,,0,0,0,0,null,0,0,0
1591384030827,1000,localhost Disks I/O,,,,,true,,0,0,0,0,null,0,0,0
1591384031827,79070,localhost Memory,,,,,true,,0,0,0,0,null,0,0,0
1591384031827,22795,localhost CPU,,,,,true,,0,0,0,0,null,0,0,0
1591384031827,5000,localhost Disks I/O,,,,,true,,0,0,0,0,null,0,0,0
1591384032827,79167,localhost Memory,,,,,true,,0,0,0,0,null,0,0,0
1591384032828,9750,localhost CPU,,,,,true,,0,0,0,0,null,0,0,0
1591384032828,0,localhost Disks I/O,,,,,true,,0,0,0,0,null,0,0,0
1591384033829,78872,localhost Memory,,,,,true,,0,0,0,0,null,0,0,0
1591384033829,10991,localhost CPU,,,,,true,,0,0,0,0,null,0,0,0
1591384033829,2000,localhost Disks I/O,,,,,true,,0,0,0,0,null,0,0,0
1591384034830,78842,localhost Memory,,,,,true,,0,0,0,0,null,0,0,0
1591384034830,5077,localhost CPU,,,,,true,,0,0,0,0,null,0,0,0
1591384034830,1000,localhost Disks I/O,,,,,true,,0,0,0,0,null,0,0,0
1591384035831,78647,localhost Memory,,,,,true,,0,0,0,0,null,0,0,0
1591384035831,6970,localhost CPU,,,,,true,,0,0,0,0,null,0,0,0
1591384035831,2000,localhost Disks I/O,,,,,true,,0,0,0,0,null,0,0,0
1591384036831,78493,localhost Memory,,,,,true,,0,0,0,0,null,0,0,0
1591384036831,14846,localhost CPU,,,,,true,,0,0,0,0,null,0,0,0
1591384036831,0,localhost Disks I/O,,,,,true,,0,0,0,0,null,0,0,0
1591384037831,78500,localhost Memory,,,,,true,,0,0,0,0,null,0,0,0
1591384037831,17047,localhost CPU,,,,,true,,0,0,0,0,null,0,0,0
1591384037831,1000,localhost Disks I/O,,,,,true,,0,0,0,0,null,0,0,0
1591384038832,78521,localhost Memory,,,,,true,,0,0,0,0,null,0,0,0
1591384038832,13318,localhost CPU,,,,,true,,0,0,0,0,null,0,0,0
1591384038832,0,localhost Disks I/O,,,,,true,,0,0,0,0,null,0,0,0
1591384039832,78524,localhost Memory,,,,,true,,0,0,0,0,null,0,0,0
1591384039832,7798,localhost CPU,,,,,true,,0,0,0,0,null,0,0,0
1591384039832,2000,localhost Disks I/O,,,,,true,,0,0,0,0,null,0,0,0
1591384040833,78518,localhost Memory,,,,,true,,0,0,0,0,null,0,0,0
1591384040835,2341,localhost CPU,,,,,true,,0,0,0,0,null,0,0,0
1591384040835,1000,localhost Disks I/O,,,,,true,,0,0,0,0,null,0,0,0
1591384041835,78669,localhost Memory,,,,,true,,0,0,0,0,null,0,0,0
1591384041835,18366,localhost CPU,,,,,true,,0,0,0,0,null,0,0,0
1591384041835,1000,localhost Disks I/O,,,,,true,,0,0,0,0,null,0,0,0
1591384042835,78680,localhost Memory,,,,,true,,0,0,0,0,null,0,0,0
1591384042835,18556,localhost CPU,,,,,true,,0,0,0,0,null,0,0,0
1591384042835,1000,localhost Disks I/O,,,,,true,,0,0,0,0,null,0,0,0
1591384043836,78727,localhost Memory,,,,,true,,0,0,0,0,null,0,0,0
1591384043837,14693,localhost CPU,,,,,true,,0,0,0,0,null,0,0,0
1591384043837,5000,localhost Disks I/O,,,,,true,,0,0,0,0,null,0,0,0
1591384044838,79048,localhost Memory,,,,,true,,0,0,0,0,null,0,0,0
1591384044839,23962,localhost CPU,,,,,true,,0,0,0,0,null,0,0,0
1591384044839,2000,localhost Disks I/O,,,,,true,,0,0,0,0,null,0,0,0
1591384045839,79207,localhost Memory,,,,,true,,0,0,0,0,null,0,0,0
1591384045839,36115,localhost CPU,,,,,true,,0,0,0,0,null,0,0,0
1591384045840,0,localhost Disks I/O,,,,,true,,0,0,0,0,null,0,0,0
1591384046841,79345,localhost Memory,,,,,true,,0,0,0,0,null,0,0,0
1591384046841,34159,localhost CPU,,,,,true,,0,0,0,0,null,0,0,0
1591384046841,2000,localhost Disks I/O,,,,,true,,0,0,0,0,null,0,0,0
1591384047841,79331,localhost Memory,,,,,true,,0,0,0,0,null,0,0,0
1591384047841,17604,localhost CPU,,,,,true,,0,0,0,0,null,0,0,0
1591384047841,0,localhost Disks I/O,,,,,true,,0,0,0,0,null,0,0,0
1591384048841,79325,localhost Memory,,,,,true,,0,0,0,0,null,0,0,0
1591384048841,3125,localhost CPU,,,,,true,,0,0,0,0,null,0,0,0
1591384048841,0,localhost Disks I/O,,,,,true,,0,0,0,0,null,0,0,0
1591384049842,79280,localhost Memory,,,,,true,,0,0,0,0,null,0,0,0
1591384049842,21269,localhost CPU,,,,,true,,0,0,0,0,null,0,0,0
1591384049842,0,localhost Disks I/O,,,,,true,,0,0,0,0,null,0,0,0
1591384050842,79279,localhost Memory,,,,,true,,0,0,0,0,null,0,0,0
1591384050842,10502,localhost CPU,,,,,true,,0,0,0,0,null,0,0,0
1591384050842,2000,localhost Disks I/O,,,,,true,,0,0,0,0,null,0,0,0
1591384051842,79262,localhost Memory,,,,,true,,0,0,0,0,null,0,0,0
1591384051843,33991,localhost CPU,,,,,true,,0,0,0,0,null,0,0,0
1591384051843,1000,localhost Disks I/O,,,,,true,,0,0,0,0,null,0,0,0
1591384052844,79267,localhost Memory,,,,,true,,0,0,0,0,null,0,0,0
1591384052844,20249,localhost CPU,,,,,true,,0,0,0,0,null,0,0,0
1591384052844,0,localhost Disks I/O,,,,,true,,0,0,0,0,null,0,0,0
1591384053845,79304,localhost Memory,,,,,true,,0,0,0,0,null,0,0,0
1591384053845,19452,localhost CPU,,,,,true,,0,0,0,0,null,0,0,0
1591384053845,1000,localhost Disks I/O,,,,,true,,0,0,0,0,null,0,0,0
1591384054845,79615,localhost Memory,,,,,true,,0,0,0,0,null,0,0,0
1591384054845,49212,localhost CPU,,,,,true,,0,0,0,0,null,0,0,0
1591384054845,0,localhost Disks I/O,,,,,true,,0,0,0,0,null,0,0,0
1591384055846,79562,localhost Memory,,,,,true,,0,0,0,0,null,0,0,0
1591384055846,3900,localhost CPU,,,,,true,,0,0,0,0,null,0,0,0
1591384055846,0,localhost Disks I/O,,,,,true,,0,0,0,0,null,0,0,0
1591384056846,79560,localhost Memory,,,,,true,,0,0,0,0,null,0,0,0
1591384056846,4315,localhost CPU,,,,,true,,0,0,0,0,null,0,0,0
1591384056846,0,localhost Disks I/O,,,,,true,,0,0,0,0,null,0,0,0
1591384057846,79065,localhost Memory,,,,,true,,0,0,0,0,null,0,0,0
1591384057846,2750,localhost CPU,,,,,true,,0,0,0,0,null,0,0,0
1591384057846,0,localhost Disks I/O,,,,,true,,0,0,0,0,null,0,0,0
1591384058847,79062,localhost Memory,,,,,true,,0,0,0,0,null,0,0,0
1591384058847,1900,localhost CPU,,,,,true,,0,0,0,0,null,0,0,0
1591384058847,0,localhost Disks I/O,,,,,true,,0,0,0,0,null,0,0,0
1591384059849,79044,localhost Memory,,,,,true,,0,0,0,0,null,0,0,0
1591384059849,20188,localhost CPU,,,,,true,,0,0,0,0,null,0,0,0
1591384059849,0,localhost Disks I/O,,,,,true,,0,0,0,0,null,0,0,0
1591384060849,79043,localhost Memory,,,,,true,,0,0,0,0,null,0,0,0
1591384060850,16842,localhost CPU,,,,,true,,0,0,0,0,null,0,0,0
1591384060850,0,localhost Disks I/O,,,,,true,,0,0,0,0,null,0,0,0
1591384061850,79032,localhost Memory,,,,,true,,0,0,0,0,null,0,0,0
1591384061850,16064,localhost CPU,,,,,true,,0,0,0,0,null,0,0,0
1591384061850,1000,localhost Disks I/O,,,,,true,,0,0,0,0,null,0,0,0
1591384062854,79028,localhost Memory,,,,,true,,0,0,0,0,null,0,0,0
1591384062867,30002,localhost CPU,,,,,true,,0,0,0,0,null,0,0,0
1591384062867,0,localhost Disks I/O,,,,,true,,0,0,0,0,null,0,0,0
1591384063867,79235,localhost Memory,,,,,true,,0,0,0,0,null,0,0,0
1591384063867,38700,localhost CPU,,,,,true,,0,0,0,0,null,0,0,0
1591384063867,0,localhost Disks I/O,,,,,true,,0,0,0,0,null,0,0,0
1591384064867,79259,localhost Memory,,,,,true,,0,0,0,0,null,0,0,0
1591384064867,15185,localhost CPU,,,,,true,,0,0,0,0,null,0,0,0
1591384064867,3000,localhost Disks I/O,,,,,true,,0,0,0,0,null,0,0,0
1591384065867,79321,localhost Memory,,,,,true,,0,0,0,0,null,0,0,0
1591384065867,16129,localhost CPU,,,,,true,,0,0,0,0,null,0,0,0
1591384065867,0,localhost Disks I/O,,,,,true,,0,0,0,0,null,0,0,0
1591384066868,79320,localhost Memory,,,,,true,,0,0,0,0,null,0,0,0
1591384066868,5538,localhost CPU,,,,,true,,0,0,0,0,null,0,0,0
1591384066868,0,localhost Disks I/O,,,,,true,,0,0,0,0,null,0,0,0
1591384067868,79319,localhost Memory,,,,,true,,0,0,0,0,null,0,0,0
1591384067868,741,localhost CPU,,,,,true,,0,0,0,0,null,0,0,0
1591384067868,0,localhost Disks I/O,,,,,true,,0,0,0,0,null,0,0,0
1591384068868,79353,localhost Memory,,,,,true,,0,0,0,0,null,0,0,0
1591384068868,9719,localhost CPU,,,,,true,,0,0,0,0,null,0,0,0
1591384068868,0,localhost Disks I/O,,,,,true,,0,0,0,0,null,0,0,0
1591384069868,79353,localhost Memory,,,,,true,,0,0,0,0,null,0,0,0
1591384069868,13620,localhost CPU,,,,,true,,0,0,0,0,null,0,0,0
1591384069868,0,localhost Disks I/O,,,,,true,,0,0,0,0,null,0,0,0
1591384070869,79353,localhost Memory,,,,,true,,0,0,0,0,null,0,0,0
1591384070869,14420,localhost CPU,,,,,true,,0,0,0,0,null,0,0,0
1591384070869,0,localhost Disks I/O,,,,,true,,0,0,0,0,null,0,0,0
1591384071870,79351,localhost Memory,,,,,true,,0,0,0,0,null,0,0,0
1591384071870,9848,localhost CPU,,,,,true,,0,0,0,0,null,0,0,0
1591384071870,0,localhost Disks I/O,,,,,true,,0,0,0,0,null,0,0,0
1591384072871,79339,localhost Memory,,,,,true,,0,0,0,0,null,0,0,0
1591384072871,8159,localhost CPU,,,,,true,,0,0,0,0,null,0,0,0
1591384072871,0,localhost Disks I/O,,,,,true,,0,0,0,0,null,0,0,0
1591384073872,79339,localhost Memory,,,,,true,,0,0,0,0,null,0,0,0
1591384073873,2743,localhost CPU,,,,,true,,0,0,0,0,null,0,0,0
1591384073873,0,localhost Disks I/O,,,,,true,,0,0,0,0,null,0,0,0
1591384074874,79337,localhost Memory,,,,,true,,0,0,0,0,null,0,0,0
1591384074874,14842,localhost CPU,,,,,true,,0,0,0,0,null,0,0,0
1591384074874,0,localhost Disks I/O,,,,,true,,0,0,0,0,null,0,0,0
1591384075874,79345,localhost Memory,,,,,true,,0,0,0,0,null,0,0,0
1591384075875,7743,localhost CPU,,,,,true,,0,0,0,0,null,0,0,0
1591384075890,0,localhost Disks I/O,,,,,true,,0,0,0,0,null,0,0,0
1591384076891,79345,localhost Memory,,,,,true,,0,0,0,0,null,0,0,0
1591384076892,1950,localhost CPU,,,,,true,,0,0,0,0,null,0,0,0
1591384076892,0,localhost Disks I/O,,,,,true,,0,0,0,0,null,0,0,0
1591384077892,79344,localhost Memory,,,,,true,,0,0,0,0,null,0,0,0
1591384077892,3125,localhost CPU,,,,,true,,0,0,0,0,null,0,0,0
1591384077892,0,localhost Disks I/O,,,,,true,,0,0,0,0,null,0,0,0
1591384078892,79343,localhost Memory,,,,,true,,0,0,0,0,null,0,0,0
1591384078892,1150,localhost CPU,,,,,true,,0,0,0,0,null,0,0,0
1591384078892,0,localhost Disks I/O,,,,,true,,0,0,0,0,null,0,0,0
1591384079893,79342,localhost Memory,,,,,true,,0,0,0,0,null,0,0,0
1591384079893,799,localhost CPU,,,,,true,,0,0,0,0,null,0,0,0
1591384079893,0,localhost Disks I/O,,,,,true,,0,0,0,0,null,0,0,0
1591384080893,80393,localhost Memory,,,,,true,,0,0,0,0,null,0,0,0
1591384080893,24153,localhost CPU,,,,,true,,0,0,0,0,null,0,0,0
1591384080893,1000,localhost Disks I/O,,,,,true,,0,0,0,0,null,0,0,0
1591384081894,80193,localhost Memory,,,,,true,,0,0,0,0,null,0,0,0
1591384081894,25967,localhost CPU,,,,,true,,0,0,0,0,null,0,0,0
1591384081894,0,localhost Disks I/O,,,,,true,,0,0,0,0,null,0,0,0
1591384082894,80184,localhost Memory,,,,,true,,0,0,0,0,null,0,0,0
1591384082894,9397,localhost CPU,,,,,true,,0,0,0,0,null,0,0,0
1591384082894,0,localhost Disks I/O,,,,,true,,0,0,0,0,null,0,0,0
1591384083894,80089,localhost Memory,,,,,true,,0,0,0,0,null,0,0,0
1591384083894,11915,localhost CPU,,,,,true,,0,0,0,0,null,0,0,0
1591384083894,0,localhost Disks I/O,,,,,true,,0,0,0,0,null,0,0,0
1591384084902,80063,localhost Memory,,,,,true,,0,0,0,0,null,0,0,0
1591384085084,5473,localhost CPU,,,,,true,,0,0,0,0,null,0,0,0
1591384085084,0,localhost Disks I/O,,,,,true,,0,0,0,0,null,0,0,0
1591384086084,79954,localhost Memory,,,,,true,,0,0,0,0,null,0,0,0
1591384086084,11057,localhost CPU,,,,,true,,0,0,0,0,null,0,0,0
1591384086084,0,localhost Disks I/O,,,,,true,,0,0,0,0,null,0,0,0
1591384087084,79933,localhost Memory,,,,,true,,0,0,0,0,null,0,0,0
1591384087084,1568,localhost CPU,,,,,true,,0,0,0,0,null,0,0,0
1591384087084,0,localhost Disks I/O,,,,,true,,0,0,0,0,null,0,0,0
1591384088085,79924,localhost Memory,,,,,true,,0,0,0,0,null,0,0,0
1591384088085,6253,localhost CPU,,,,,true,,0,0,0,0,null,0,0,0
1591384088085,0,localhost Disks I/O,,,,,true,,0,0,0,0,null,0,0,0
1591384089085,79923,localhost Memory,,,,,true,,0,0,0,0,null,0,0,0
1591384089085,1550,localhost CPU,,,,,true,,0,0,0,0,null,0,0,0
1591384089085,0,localhost Disks I/O,,,,,true,,0,0,0,0,null,0,0,0
1591384090085,79920,localhost Memory,,,,,true,,0,0,0,0,null,0,0,0
1591384090085,1942,localhost CPU,,,,,true,,0,0,0,0,null,0,0,0
1591384090085,0,localhost Disks I/O,,,,,true,,0,0,0,0,null,0,0,0
1591384091085,79918,localhost Memory,,,,,true,,0,0,0,0,null,0,0,0
1591384091085,3909,localhost CPU,,,,,true,,0,0,0,0,null,0,0,0
1591384091085,0,localhost Disks I/O,,,,,true,,0,0,0,0,null,0,0,0
1591384092086,79917,localhost Memory,,,,,true,,0,0,0,0,null,0,0,0
1591384092086,6250,localhost CPU,,,,,true,,0,0,0,0,null,0,0,0
1591384092086,0,localhost Disks I/O,,,,,true,,0,0,0,0,null,0,0,0
1591384093086,79917,localhost Memory,,,,,true,,0,0,0,0,null,0,0,0
1591384093086,1199,localhost CPU,,,,,true,,0,0,0,0,null,0,0,0
1591384093086,0,localhost Disks I/O,,,,,true,,0,0,0,0,null,0,0,0
1591384094087,79867,localhost Memory,,,,,true,,0,0,0,0,null,0,0,0
1591384094087,14374,localhost CPU,,,,,true,,0,0,0,0,null,0,0,0
1591384094087,1000,localhost Disks I/O,,,,,true,,0,0,0,0,null,0,0,0
1591384095087,80165,localhost Memory,,,,,true,,0,0,0,0,null,0,0,0
1591384095087,42126,localhost CPU,,,,,true,,0,0,0,0,null,0,0,0
1591384095087,0,localhost Disks I/O,,,,,true,,0,0,0,0,null,0,0,0
1591384096088,80156,localhost Memory,,,,,true,,0,0,0,0,null,0,0,0
1591384096088,10843,localhost CPU,,,,,true,,0,0,0,0,null,0,0,0
1591384096088,0,localhost Disks I/O,,,,,true,,0,0,0,0,null,0,0,0
1591384097088,80156,localhost Memory,,,,,true,,0,0,0,0,null,0,0,0
1591384097088,5497,localhost CPU,,,,,true,,0,0,0,0,null,0,0,0
1591384097088,0,localhost Disks I/O,,,,,true,,0,0,0,0,null,0,0,0
1591384098088,80129,localhost Memory,,,,,true,,0,0,0,0,null,0,0,0
1591384098088,8577,localhost CPU,,,,,true,,0,0,0,0,null,0,0,0
1591384098088,2000,localhost Disks I/O,,,,,true,,0,0,0,0,null,0,0,0
1591384099088,80118,localhost Memory,,,,,true,,0,0,0,0,null,0,0,0
1591384099088,5102,localhost CPU,,,,,true,,0,0,0,0,null,0,0,0
1591384099088,0,localhost Disks I/O,,,,,true,,0,0,0,0,null,0,0,0
1591384100089,80114,localhost Memory,,,,,true,,0,0,0,0,null,0,0,0
1591384100089,12306,localhost CPU,,,,,true,,0,0,0,0,null,0,0,0
1591384100089,0,localhost Disks I/O,,,,,true,,0,0,0,0,null,0,0,0
1591384101089,80114,localhost Memory,,,,,true,,0,0,0,0,null,0,0,0
1591384101089,6228,localhost CPU,,,,,true,,0,0,0,0,null,0,0,0
1591384101089,0,localhost Disks I/O,,,,,true,,0,0,0,0,null,0,0,0
1591384102089,80107,localhost Memory,,,,,true,,0,0,0,0,null,0,0,0
1591384102089,3136,localhost CPU,,,,,true,,0,0,0,0,null,0,0,0
1591384102089,1000,localhost Disks I/O,,,,,true,,0,0,0,0,null,0,0,0
1591384103089,80056,localhost Memory,,,,,true,,0,0,0,0,null,0,0,0
1591384103090,2334,localhost CPU,,,,,true,,0,0,0,0,null,0,0,0
1591384103090,1000,localhost Disks I/O,,,,,true,,0,0,0,0,null,0,0,0
1591384104104,80040,localhost Memory,,,,,true,,0,0,0,0,null,0,0,0
1591384104104,16580,localhost CPU,,,,,true,,0,0,0,0,null,0,0,0
1591384104104,1000,localhost Disks I/O,,,,,true,,0,0,0,0,null,0,0,0
1591384105104,80004,localhost Memory,,,,,true,,0,0,0,0,null,0,0,0
1591384105104,17208,localhost CPU,,,,,true,,0,0,0,0,null,0,0,0
1591384105104,1000,localhost Disks I/O,,,,,true,,0,0,0,0,null,0,0,0
1591384106104,79999,localhost Memory,,,,,true,,0,0,0,0,null,0,0,0
1591384106104,10507,localhost CPU,,,,,true,,0,0,0,0,null,0,0,0
1591384106105,0,localhost Disks I/O,,,,,true,,0,0,0,0,null,0,0,0
1591384107106,79998,localhost Memory,,,,,true,,0,0,0,0,null,0,0,0
1591384107107,8975,localhost CPU,,,,,true,,0,0,0,0,null,0,0,0
1591384107107,0,localhost Disks I/O,,,,,true,,0,0,0,0,null,0,0,0
1591384108107,79997,localhost Memory,,,,,true,,0,0,0,0,null,0,0,0
1591384108107,11215,localhost CPU,,,,,true,,0,0,0,0,null,0,0,0
1591384108107,0,localhost Disks I/O,,,,,true,,0,0,0,0,null,0,0,0
1591384109107,79993,localhost Memory,,,,,true,,0,0,0,0,null,0,0,0
1591384109107,3549,localhost CPU,,,,,true,,0,0,0,0,null,0,0,0
1591384109107,0,localhost Disks I/O,,,,,true,,0,0,0,0,null,0,0,0
1591384110107,79991,localhost Memory,,,,,true,,0,0,0,0,null,0,0,0
1591384110107,13760,localhost CPU,,,,,true,,0,0,0,0,null,0,0,0
1591384110107,0,localhost Disks I/O,,,,,true,,0,0,0,0,null,0,0,0
1591384111107,79876,localhost Memory,,,,,true,,0,0,0,0,null,0,0,0
1591384111107,3909,localhost CPU,,,,,true,,0,0,0,0,null,0,0,0
1591384111107,1000,localhost Disks I/O,,,,,true,,0,0,0,0,null,0,0,0
1591384112107,79857,localhost Memory,,,,,true,,0,0,0,0,null,0,0,0
1591384112107,4264,localhost CPU,,,,,true,,0,0,0,0,null,0,0,0
1591384112107,0,localhost Disks I/O,,,,,true,,0,0,0,0,null,0,0,0
1591384113108,79833,localhost Memory,,,,,true,,0,0,0,0,null,0,0,0
1591384113108,401,localhost CPU,,,,,true,,0,0,0,0,null,0,0,0
1591384113108,0,localhost Disks I/O,,,,,true,,0,0,0,0,null,0,0,0
1591384114109,79791,localhost Memory,,,,,true,,0,0,0,0,null,0,0,0
1591384114109,1550,localhost CPU,,,,,true,,0,0,0,0,null,0,0,0
1591384114109,0,localhost Disks I/O,,,,,true,,0,0,0,0,null,0,0,0
1591384115109,79793,localhost Memory,,,,,true,,0,0,0,0,null,0,0,0
1591384115109,1599,localhost CPU,,,,,true,,0,0,0,0,null,0,0,0
1591384115109,0,localhost Disks I/O,,,,,true,,0,0,0,0,null,0,0,0
1591384116109,79791,localhost Memory,,,,,true,,0,0,0,0,null,0,0,0
1591384116109,1903,localhost CPU,,,,,true,,0,0,0,0,null,0,0,0
1591384116109,0,localhost Disks I/O,,,,,true,,0,0,0,0,null,0,0,0
1591384117110,79780,localhost Memory,,,,,true,,0,0,0,0,null,0,0,0
1591384117110,1925,localhost CPU,,,,,true,,0,0,0,0,null,0,0,0
1591384117110,0,localhost Disks I/O,,,,,true,,0,0,0,0,null,0,0,0
1591384118110,79731,localhost Memory,,,,,true,,0,0,0,0,null,0,0,0
1591384118110,2340,localhost CPU,,,,,true,,0,0,0,0,null,0,0,0
1591384118110,1000,localhost Disks I/O,,,,,true,,0,0,0,0,null,0,0,0
1591384119110,79728,localhost Memory,,,,,true,,0,0,0,0,null,0,0,0
1591384119110,1550,localhost CPU,,,,,true,,0,0,0,0,null,0,0,0
1591384119110,0,localhost Disks I/O,,,,,true,,0,0,0,0,null,0,0,0
1591384120123,79723,localhost Memory,,,,,true,,0,0,0,0,null,0,0,0
1591384120123,1567,localhost CPU,,,,,true,,0,0,0,0,null,0,0,0
1591384120123,0,localhost Disks I/O,,,,,true,,0,0,0,0,null,0,0,0
1591384121123,79702,localhost Memory,,,,,true,,0,0,0,0,null,0,0,0
1591384121123,401,localhost CPU,,,,,true,,0,0,0,0,null,0,0,0
1591384121123,0,localhost Disks I/O,,,,,true,,0,0,0,0,null,0,0,0
1591384122123,79700,localhost Memory,,,,,true,,0,0,0,0,null,0,0,0
1591384122123,7020,localhost CPU,,,,,true,,0,0,0,0,null,0,0,0
1591384122123,0,localhost Disks I/O,,,,,true,,0,0,0,0,null,0,0,0
1591384123124,79696,localhost Memory,,,,,true,,0,0,0,0,null,0,0,0
1591384123124,12456,localhost CPU,,,,,true,,0,0,0,0,null,0,0,0
1591384123124,0,localhost Disks I/O,,,,,true,,0,0,0,0,null,0,0,0
1591384124124,79572,localhost Memory,,,,,true,,0,0,0,0,null,0,0,0
1591384124124,8540,localhost CPU,,,,,true,,0,0,0,0,null,0,0,0
1591384124124,0,localhost Disks I/O,,,,,true,,0,0,0,0,null,0,0,0
1591384125124,79577,localhost Memory,,,,,true,,0,0,0,0,null,0,0,0
1591384125124,4659,localhost CPU,,,,,true,,0,0,0,0,null,0,0,0
1591384125124,0,localhost Disks I/O,,,,,true,,0,0,0,0,null,0,0,0
1591384126124,79573,localhost Memory,,,,,true,,0,0,0,0,null,0,0,0
1591384126124,8893,localhost CPU,,,,,true,,0,0,0,0,null,0,0,0
1591384126124,0,localhost Disks I/O,,,,,true,,0,0,0,0,null,0,0,0
1591384127125,79574,localhost Memory,,,,,true,,0,0,0,0,null,0,0,0
1591384127127,7101,localhost CPU,,,,,true,,0,0,0,0,null,0,0,0
1591384127127,0,localhost Disks I/O,,,,,true,,0,0,0,0,null,0,0,0
1591384128127,79572,localhost Memory,,,,,true,,0,0,0,0,null,0,0,0
1591384128127,7346,localhost CPU,,,,,true,,0,0,0,0,null,0,0,0
1591384128127,0,localhost Disks I/O,,,,,true,,0,0,0,0,null,0,0,0
1591384129127,79571,localhost Memory,,,,,true,,0,0,0,0,null,0,0,0
1591384129127,9090,localhost CPU,,,,,true,,0,0,0,0,null,0,0,0
1591384129127,0,localhost Disks I/O,,,,,true,,0,0,0,0,null,0,0,0
1591384130128,79570,localhost Memory,,,,,true,,0,0,0,0,null,0,0,0
1591384130128,22304,localhost CPU,,,,,true,,0,0,0,0,null,0,0,0
1591384130128,0,localhost Disks I/O,,,,,true,,0,0,0,0,null,0,0,0
1591384131128,79571,localhost Memory,,,,,true,,0,0,0,0,null,0,0,0
1591384131128,9729,localhost CPU,,,,,true,,0,0,0,0,null,0,0,0
1591384131128,0,localhost Disks I/O,,,,,true,,0,0,0,0,null,0,0,0
1591384132128,79568,localhost Memory,,,,,true,,0,0,0,0,null,0,0,0
1591384132128,13810,localhost CPU,,,,,true,,0,0,0,0,null,0,0,0
1591384132128,0,localhost Disks I/O,,,,,true,,0,0,0,0,null,0,0,0
1591384133128,79567,localhost Memory,,,,,true,,0,0,0,0,null,0,0,0
1591384133128,9400,localhost CPU,,,,,true,,0,0,0,0,null,0,0,0
1591384133128,0,localhost Disks I/O,,,,,true,,0,0,0,0,null,0,0,0
1591384134128,79567,localhost Memory,,,,,true,,0,0,0,0,null,0,0,0
1591384134128,14058,localhost CPU,,,,,true,,0,0,0,0,null,0,0,0
1591384134128,0,localhost Disks I/O,,,,,true,,0,0,0,0,null,0,0,0
1591384135128,79567,localhost Memory,,,,,true,,0,0,0,0,null,0,0,0
1591384135128,15503,localhost CPU,,,,,true,,0,0,0,0,null,0,0,0
1591384135128,0,localhost Disks I/O,,,,,true,,0,0,0,0,null,0,0,0
1591384136129,79569,localhost Memory,,,,,true,,0,0,0,0,null,0,0,0
1591384136129,799,localhost CPU,,,,,true,,0,0,0,0,null,0,0,0
1591384136129,0,localhost Disks I/O,,,,,true,,0,0,0,0,null,0,0,0
1591384137130,79586,localhost Memory,,,,,true,,0,0,0,0,null,0,0,0
1591384137130,9775,localhost CPU,,,,,true,,0,0,0,0,null,0,0,0
1591384137130,0,localhost Disks I/O,,,,,true,,0,0,0,0,null,0,0,0
1591384138130,79589,localhost Memory,,,,,true,,0,0,0,0,null,0,0,0
1591384138130,5476,localhost CPU,,,,,true,,0,0,0,0,null,0,0,0
1591384138130,0,localhost Disks I/O,,,,,true,,0,0,0,0,null,0,0,0
1591384139130,79589,localhost Memory,,,,,true,,0,0,0,0,null,0,0,0
1591384139130,9725,localhost CPU,,,,,true,,0,0,0,0,null,0,0,0
1591384139130,0,localhost Disks I/O,,,,,true,,0,0,0,0,null,0,0,0
1591384140131,79587,localhost Memory,,,,,true,,0,0,0,0,null,0,0,0
1591384140131,1179,localhost CPU,,,,,true,,0,0,0,0,null,0,0,0
1591384140131,0,localhost Disks I/O,,,,,true,,0,0,0,0,null,0,0,0
1591384141131,80638,localhost Memory,,,,,true,,0,0,0,0,null,0,0,0
1591384141132,21040,localhost CPU,,,,,true,,0,0,0,0,null,0,0,0
1591384141132,0,localhost Disks I/O,,,,,true,,0,0,0,0,null,0,0,0
1591384142132,80461,localhost Memory,,,,,true,,0,0,0,0,null,0,0,0
1591384142132,8975,localhost CPU,,,,,true,,0,0,0,0,null,0,0,0
1591384142132,0,localhost Disks I/O,,,,,true,,0,0,0,0,null,0,0,0
1591384143133,80460,localhost Memory,,,,,true,,0,0,0,0,null,0,0,0
1591384143133,3125,localhost CPU,,,,,true,,0,0,0,0,null,0,0,0
1591384143133,0,localhost Disks I/O,,,,,true,,0,0,0,0,null,0,0,0
1591384144134,80280,localhost Memory,,,,,true,,0,0,0,0,null,0,0,0
1591384144134,25653,localhost CPU,,,,,true,,0,0,0,0,null,0,0,0
1591384144134,0,localhost Disks I/O,,,,,true,,0,0,0,0,null,0,0,0
1591384145135,80279,localhost Memory,,,,,true,,0,0,0,0,null,0,0,0
1591384145135,11858,localhost CPU,,,,,true,,0,0,0,0,null,0,0,0
1591384145135,0,localhost Disks I/O,,,,,true,,0,0,0,0,null,0,0,0
1591384146135,80140,localhost Memory,,,,,true,,0,0,0,0,null,0,0,0
1591384146135,9641,localhost CPU,,,,,true,,0,0,0,0,null,0,0,0
1591384146135,0,localhost Disks I/O,,,,,true,,0,0,0,0,null,0,0,0
1591384147135,80141,localhost Memory,,,,,true,,0,0,0,0,null,0,0,0
1591384147135,4717,localhost CPU,,,,,true,,0,0,0,0,null,0,0,0
1591384147135,0,localhost Disks I/O,,,,,true,,0,0,0,0,null,0,0,0
1591384148136,80141,localhost Memory,,,,,true,,0,0,0,0,null,0,0,0
1591384148136,4633,localhost CPU,,,,,true,,0,0,0,0,null,0,0,0
1591384148136,0,localhost Disks I/O,,,,,true,,0,0,0,0,null,0,0,0
1591384149136,80149,localhost Memory,,,,,true,,0,0,0,0,null,0,0,0
1591384149136,11435,localhost CPU,,,,,true,,0,0,0,0,null,0,0,0
1591384149136,0,localhost Disks I/O,,,,,true,,0,0,0,0,null,0,0,0
1591384150137,80165,localhost Memory,,,,,true,,0,0,0,0,null,0,0,0
1591384150151,14360,localhost CPU,,,,,true,,0,0,0,0,null,0,0,0
1591384150151,0,localhost Disks I/O,,,,,true,,0,0,0,0,null,0,0,0
1591384151152,80164,localhost Memory,,,,,true,,0,0,0,0,null,0,0,0
1591384151172,14537,localhost CPU,,,,,true,,0,0,0,0,null,0,0,0
1591384151172,0,localhost Disks I/O,,,,,true,,0,0,0,0,null,0,0,0
1591384152172,80164,localhost Memory,,,,,true,,0,0,0,0,null,0,0,0
1591384152172,15017,localhost CPU,,,,,true,,0,0,0,0,null,0,0,0
1591384152172,0,localhost Disks I/O,,,,,true,,0,0,0,0,null,0,0,0
1591384153173,80151,localhost Memory,,,,,true,,0,0,0,0,null,0,0,0
1591384153173,16249,localhost CPU,,,,,true,,0,0,0,0,null,0,0,0
1591384153173,0,localhost Disks I/O,,,,,true,,0,0,0,0,null,0,0,0
1591384154175,80138,localhost Memory,,,,,true,,0,0,0,0,null,0,0,0
1591384154175,16737,localhost CPU,,,,,true,,0,0,0,0,null,0,0,0
1591384154175,1000,localhost Disks I/O,,,,,true,,0,0,0,0,null,0,0,0
1591384155175,80817,localhost Memory,,,,,true,,0,0,0,0,null,0,0,0
1591384155175,39102,localhost CPU,,,,,true,,0,0,0,0,null,0,0,0
1591384155175,3000,localhost Disks I/O,,,,,true,,0,0,0,0,null,0,0,0
1591384156176,81133,localhost Memory,,,,,true,,0,0,0,0,null,0,0,0
1591384156178,35621,localhost CPU,,,,,true,,0,0,0,0,null,0,0,0
1591384156178,4000,localhost Disks I/O,,,,,true,,0,0,0,0,null,0,0,0
1591384157178,81450,localhost Memory,,,,,true,,0,0,0,0,null,0,0,0
1591384157205,8954,localhost CPU,,,,,true,,0,0,0,0,null,0,0,0
1591384157205,2000,localhost Disks I/O,,,,,true,,0,0,0,0,null,0,0,0
1591384158205,81973,localhost Memory,,,,,true,,0,0,0,0,null,0,0,0
1591384158216,18902,localhost CPU,,,,,true,,0,0,0,0,null,0,0,0
1591384158216,1000,localhost Disks I/O,,,,,true,,0,0,0,0,null,0,0,0
1591384159216,81676,localhost Memory,,,,,true,,0,0,0,0,null,0,0,0
1591384159257,8556,localhost CPU,,,,,true,,0,0,0,0,null,0,0,0
1591384159257,2000,localhost Disks I/O,,,,,true,,0,0,0,0,null,0,0,0
1591384160258,81833,localhost Memory,,,,,true,,0,0,0,0,null,0,0,0
1591384160275,12471,localhost CPU,,,,,true,,0,0,0,0,null,0,0,0
1591384160275,1000,localhost Disks I/O,,,,,true,,0,0,0,0,null,0,0,0
1591384161275,81795,localhost Memory,,,,,true,,0,0,0,0,null,0,0,0
1591384161285,5411,localhost CPU,,,,,true,,0,0,0,0,null,0,0,0
1591384161285,2000,localhost Disks I/O,,,,,true,,0,0,0,0,null,0,0,0
1591384162285,80317,localhost Memory,,,,,true,,0,0,0,0,null,0,0,0
1591384162298,9292,localhost CPU,,,,,true,,0,0,0,0,null,0,0,0
1591384162298,2000,localhost Disks I/O,,,,,true,,0,0,0,0,null,0,0,0
1591384163299,79344,localhost Memory,,,,,true,,0,0,0,0,null,0,0,0
1591384163307,6700,localhost CPU,,,,,true,,0,0,0,0,null,0,0,0
1591384163307,4000,localhost Disks I/O,,,,,true,,0,0,0,0,null,0,0,0
1591384164308,78250,localhost Memory,,,,,true,,0,0,0,0,null,0,0,0
1591384164308,4640,localhost CPU,,,,,true,,0,0,0,0,null,0,0,0
1591384164308,2000,localhost Disks I/O,,,,,true,,0,0,0,0,null,0,0,0
1591384165309,77516,localhost Memory,,,,,true,,0,0,0,0,null,0,0,0
1591384165318,7444,localhost CPU,,,,,true,,0,0,0,0,null,0,0,0
1591384165318,4000,localhost Disks I/O,,,,,true,,0,0,0,0,null,0,0,0
1591384166318,77308,localhost Memory,,,,,true,,0,0,0,0,null,0,0,0
1591384166327,4234,localhost CPU,,,,,true,,0,0,0,0,null,0,0,0
1591384166327,1000,localhost Disks I/O,,,,,true,,0,0,0,0,null,0,0,0
1591384167327,77415,localhost Memory,,,,,true,,0,0,0,0,null,0,0,0
1591384167328,9754,localhost CPU,,,,,true,,0,0,0,0,null,0,0,0
1591384167328,3000,localhost Disks I/O,,,,,true,,0,0,0,0,null,0,0,0
1591384168328,77471,localhost Memory,,,,,true,,0,0,0,0,null,0,0,0
1591384168328,5019,localhost CPU,,,,,true,,0,0,0,0,null,0,0,0
1591384168328,1000,localhost Disks I/O,,,,,true,,0,0,0,0,null,0,0,0
1591384169328,77593,localhost Memory,,,,,true,,0,0,0,0,null,0,0,0
1591384169328,12409,localhost CPU,,,,,true,,0,0,0,0,null,0,0,0
1591384169328,1000,localhost Disks I/O,,,,,true,,0,0,0,0,null,0,0,0
1591384170329,78007,localhost Memory,,,,,true,,0,0,0,0,null,0,0,0
1591384170344,14504,localhost CPU,,,,,true,,0,0,0,0,null,0,0,0
1591384170344,1000,localhost Disks I/O,,,,,true,,0,0,0,0,null,0,0,0
1591384171344,78031,localhost Memory,,,,,true,,0,0,0,0,null,0,0,0
1591384171344,3124,localhost CPU,,,,,true,,0,0,0,0,null,0,0,0
1591384171344,2000,localhost Disks I/O,,,,,true,,0,0,0,0,null,0,0,0
1591384172344,78081,localhost Memory,,,,,true,,0,0,0,0,null,0,0,0
1591384172344,7023,localhost CPU,,,,,true,,0,0,0,0,null,0,0,0
1591384172344,3000,localhost Disks I/O,,,,,true,,0,0,0,0,null,0,0,0
1591384173345,78102,localhost Memory,,,,,true,,0,0,0,0,null,0,0,0
1591384173345,4698,localhost CPU,,,,,true,,0,0,0,0,null,0,0,0
1591384173345,2000,localhost Disks I/O,,,,,true,,0,0,0,0,null,0,0,0
1591384174345,78468,localhost Memory,,,,,true,,0,0,0,0,null,0,0,0
1591384174346,38091,localhost CPU,,,,,true,,0,0,0,0,null,0,0,0
1591384174346,4000,localhost Disks I/O,,,,,true,,0,0,0,0,null,0,0,0
1591384175346,78603,localhost Memory,,,,,true,,0,0,0,0,null,0,0,0
1591384175357,20739,localhost CPU,,,,,true,,0,0,0,0,null,0,0,0
1591384175357,1000,localhost Disks I/O,,,,,true,,0,0,0,0,null,0,0,0
1591384176358,78744,localhost Memory,,,,,true,,0,0,0,0,null,0,0,0
1591384176368,6920,localhost CPU,,,,,true,,0,0,0,0,null,0,0,0
1591384176368,1000,localhost Disks I/O,,,,,true,,0,0,0,0,null,0,0,0
1591384177369,78640,localhost Memory,,,,,true,,0,0,0,0,null,0,0,0
1591384177380,5920,localhost CPU,,,,,true,,0,0,0,0,null,0,0,0
1591384177380,2000,localhost Disks I/O,,,,,true,,0,0,0,0,null,0,0,0
1591384178381,78903,localhost Memory,,,,,true,,0,0,0,0,null,0,0,0
1591384178381,7000,localhost CPU,,,,,true,,0,0,0,0,null,0,0,0
1591384178381,2000,localhost Disks I/O,,,,,true,,0,0,0,0,null,0,0,0
1591384179381,79322,localhost Memory,,,,,true,,0,0,0,0,null,0,0,0
1591384179393,7347,localhost CPU,,,,,true,,0,0,0,0,null,0,0,0
1591384179393,1000,localhost Disks I/O,,,,,true,,0,0,0,0,null,0,0,0
1591384180394,79516,localhost Memory,,,,,true,,0,0,0,0,null,0,0,0
1591384180394,3918,localhost CPU,,,,,true,,0,0,0,0,null,0,0,0
1591384180394,1000,localhost Disks I/O,,,,,true,,0,0,0,0,null,0,0,0
1591384181394,79624,localhost Memory,,,,,true,,0,0,0,0,null,0,0,0
1591384181412,6625,localhost CPU,,,,,true,,0,0,0,0,null,0,0,0
1591384181412,2000,localhost Disks I/O,,,,,true,,0,0,0,0,null,0,0,0
1591384182412,79773,localhost Memory,,,,,true,,0,0,0,0,null,0,0,0
1591384182423,3538,localhost CPU,,,,,true,,0,0,0,0,null,0,0,0
1591384182423,1000,localhost Disks I/O,,,,,true,,0,0,0,0,null,0,0,0
1591384183423,79844,localhost Memory,,,,,true,,0,0,0,0,null,0,0,0
1591384183467,4282,localhost CPU,,,,,true,,0,0,0,0,null,0,0,0
1591384183467,2000,localhost Disks I/O,,,,,true,,0,0,0,0,null,0,0,0
1591384184468,79943,localhost Memory,,,,,true,,0,0,0,0,null,0,0,0
1591384184468,9000,localhost CPU,,,,,true,,0,0,0,0,null,0,0,0
1591384184468,0,localhost Disks I/O,,,,,true,,0,0,0,0,null,0,0,0
1591384185469,80079,localhost Memory,,,,,true,,0,0,0,0,null,0,0,0
1591384185470,26357,localhost CPU,,,,,true,,0,0,0,0,null,0,0,0
1591384185470,0,localhost Disks I/O,,,,,true,,0,0,0,0,null,0,0,0
1591384186470,80070,localhost Memory,,,,,true,,0,0,0,0,null,0,0,0
1591384186493,4669,localhost CPU,,,,,true,,0,0,0,0,null,0,0,0
1591384186493,0,localhost Disks I/O,,,,,true,,0,0,0,0,null,0,0,0
1591384187494,80070,localhost Memory,,,,,true,,0,0,0,0,null,0,0,0
1591384187494,4292,localhost CPU,,,,,true,,0,0,0,0,null,0,0,0
1591384187494,0,localhost Disks I/O,,,,,true,,0,0,0,0,null,0,0,0
1591384188495,80070,localhost Memory,,,,,true,,0,0,0,0,null,0,0,0
1591384188495,3461,localhost CPU,,,,,true,,0,0,0,0,null,0,0,0
1591384188495,0,localhost Disks I/O,,,,,true,,0,0,0,0,null,0,0,0
1591384189496,80062,localhost Memory,,,,,true,,0,0,0,0,null,0,0,0
1591384189496,19905,localhost CPU,,,,,true,,0,0,0,0,null,0,0,0
1591384189496,0,localhost Disks I/O,,,,,true,,0,0,0,0,null,0,0,0
1591384190496,80052,localhost Memory,,,,,true,,0,0,0,0,null,0,0,0
1591384190496,23305,localhost CPU,,,,,true,,0,0,0,0,null,0,0,0
1591384190496,0,localhost Disks I/O,,,,,true,,0,0,0,0,null,0,0,0
1591384191496,80040,localhost Memory,,,,,true,,0,0,0,0,null,0,0,0
1591384191496,9375,localhost CPU,,,,,true,,0,0,0,0,null,0,0,0
1591384191496,0,localhost Disks I/O,,,,,true,,0,0,0,0,null,0,0,0
1591384192496,80037,localhost Memory,,,,,true,,0,0,0,0,null,0,0,0
1591384192496,14075,localhost CPU,,,,,true,,0,0,0,0,null,0,0,0
1591384192496,0,localhost Disks I/O,,,,,true,,0,0,0,0,null,0,0,0
1591384193497,80037,localhost Memory,,,,,true,,0,0,0,0,null,0,0,0
1591384193504,13191,localhost CPU,,,,,true,,0,0,0,0,null,0,0,0
1591384193504,0,localhost Disks I/O,,,,,true,,0,0,0,0,null,0,0,0
1591384194506,80035,localhost Memory,,,,,true,,0,0,0,0,null,0,0,0
1591384194506,5873,localhost CPU,,,,,true,,0,0,0,0,null,0,0,0
1591384194506,0,localhost Disks I/O,,,,,true,,0,0,0,0,null,0,0,0
1591384195507,80036,localhost Memory,,,,,true,,0,0,0,0,null,0,0,0
1591384195507,3520,localhost CPU,,,,,true,,0,0,0,0,null,0,0,0
1591384195507,0,localhost Disks I/O,,,,,true,,0,0,0,0,null,0,0,0
1591384196507,80035,localhost Memory,,,,,true,,0,0,0,0,null,0,0,0
1591384196507,8921,localhost CPU,,,,,true,,0,0,0,0,null,0,0,0
1591384196507,0,localhost Disks I/O,,,,,true,,0,0,0,0,null,0,0,0
1591384197508,80032,localhost Memory,,,,,true,,0,0,0,0,null,0,0,0
1591384197508,3064,localhost CPU,,,,,true,,0,0,0,0,null,0,0,0
1591384197508,0,localhost Disks I/O,,,,,true,,0,0,0,0,null,0,0,0
1591384198508,80035,localhost Memory,,,,,true,,0,0,0,0,null,0,0,0
1591384198508,2393,localhost CPU,,,,,true,,0,0,0,0,null,0,0,0
1591384198508,0,localhost Disks I/O,,,,,true,,0,0,0,0,null,0,0,0
1591384199508,80025,localhost Memory,,,,,true,,0,0,0,0,null,0,0,0
1591384199509,4972,localhost CPU,,,,,true,,0,0,0,0,null,0,0,0
1591384199509,0,localhost Disks I/O,,,,,true,,0,0,0,0,null,0,0,0
1591384200510,80025,localhost Memory,,,,,true,,0,0,0,0,null,0,0,0
1591384200510,2750,localhost CPU,,,,,true,,0,0,0,0,null,0,0,0
1591384200510,0,localhost Disks I/O,,,,,true,,0,0,0,0,null,0,0,0
