timeStamp,elapsed,label,responseCode,responseMessage,threadName,dataType,success,failureMessage,bytes,sentBytes,grpThreads,allThreads,URL,Latency,IdleTime,Connect
1591383918494,589,select,200,OK,clearHistory 1-1,text,true,,11,0,5,5,null,586,0,566
1591383993913,119,select,200,OK,clearHistory 1-2,text,true,,11,0,5,5,null,118,0,118
1591384027085,39,select,200,OK,clearHistory 1-3,text,true,,11,0,5,5,null,39,0,38
1591384039283,95,select,200,OK,clearHistory 1-4,text,true,,11,0,5,5,null,94,0,93
1591384040741,30,select,200,OK,clearHistory 1-5,text,true,,11,0,5,5,null,30,0,29
1591384053355,2,RegExp,200,OK,clearHistory 1-1,text,true,,368,0,5,5,null,0,0,0
1591384081236,0,RegExp,200,OK,clearHistory 1-2,text,true,,368,0,5,5,null,0,0,0
1591384082853,1,RegExp,200,OK,clearHistory 1-3,text,true,,368,0,5,5,null,0,0,0
1591384094942,1,RegExp,200,OK,clearHistory 1-4,text,true,,368,0,5,5,null,0,0,0
1591384105414,0,RegExp,200,OK,clearHistory 1-5,text,true,,368,0,5,5,null,0,0,0
1591384109792,0,Sector_clear,200,OK,clearHistory 1-1,text,true,,368,0,5,5,null,0,0,0
1591384129175,0,Sector_clear,200,OK,clearHistory 1-2,text,true,,368,0,4,4,null,0,0,0
1591384168623,0,Sector_clear,200,OK,clearHistory 1-3,text,true,,368,0,3,3,null,0,0,0
1591384172674,0,Sector_clear,200,OK,clearHistory 1-4,text,true,,368,0,2,2,null,0,0,0
1591384201127,1,Sector_clear,200,OK,clearHistory 1-5,text,true,,368,0,1,1,null,0,0,0
